product_id,date,quantity_sold,price,stock_level
1,2025-01-01,14,29.32,238
2,2025-01-01,10,51.95,134
3,2025-01-01,22,9.71,381
4,2025-01-01,5,202.99,78
5,2025-01-01,22,15.45,389
6,2025-01-01,8,78.71,74
7,2025-01-01,17,38.36,209
8,2025-01-01,22,25.76,234
9,2025-01-01,1,59.26,130
10,2025-01-01,7,124.33,55
1,2025-01-02,14,29.17,233
2,2025-01-02,13,48.0,183
3,2025-01-02,19,9.86,371
4,2025-01-02,4,202.95,146
5,2025-01-02,26,14.49,373
6,2025-01-02,10,80.45,104
7,2025-01-02,17,38.91,175
8,2025-01-02,16,24.27,291
9,2025-01-02,11,60.92,123
10,2025-01-02,8,117.17,79
1,2025-01-03,11,30.24,222
2,2025-01-03,9,52.48,183
3,2025-01-03,26,9.6,373
4,2025-01-03,5,191.26,50
5,2025-01-03,30,15.7,298
6,2025-01-03,11,81.44,112
7,2025-01-03,12,38.44,252
8,2025-01-03,4,25.93,319
9,2025-01-03,7,62.47,137
10,2025-01-03,5,121.3,139
1,2025-01-04,15,30.83,197
2,2025-01-04,14,47.59,154
3,2025-01-04,35,9.8,356
4,2025-01-04,7,191.7,50
5,2025-01-04,32,15.39,363
6,2025-01-04,4,78.11,119
7,2025-01-04,10,40.15,215
8,2025-01-04,20,26.23,299
9,2025-01-04,5,57.72,161
10,2025-01-04,4,116.75,133
1,2025-01-05,21,29.18,230
2,2025-01-05,12,48.68,155
3,2025-01-05,25,10.43,387
4,2025-01-05,2,206.14,88
5,2025-01-05,27,14.88,343
6,2025-01-05,7,83.86,74
7,2025-01-05,10,41.44,231
8,2025-01-05,21,24.79,319
9,2025-01-05,9,59.65,202
10,2025-01-05,5,125.98,88
1,2025-01-06,26,31.04,228
2,2025-01-06,8,49.5,181
3,2025-01-06,8,9.76,448
4,2025-01-06,3,209.14,83
5,2025-01-06,11,14.47,327
6,2025-01-06,10,80.33,98
7,2025-01-06,19,40.0,201
8,2025-01-06,27,23.94,353
9,2025-01-06,5,58.4,123
10,2025-01-06,7,121.12,77
1,2025-01-07,10,30.06,251
2,2025-01-07,13,48.68,215
3,2025-01-07,22,9.81,344
4,2025-01-07,6,209.96,83
5,2025-01-07,26,14.64,311
6,2025-01-07,11,78.95,75
7,2025-01-07,17,40.44,146
8,2025-01-07,18,25.78,286
9,2025-01-07,5,57.8,88
10,2025-01-07,8,117.26,114
1,2025-01-08,15,30.39,223
2,2025-01-08,3,51.72,184
3,2025-01-08,19,9.49,382
4,2025-01-08,4,204.81,58
5,2025-01-08,21,14.35,314
6,2025-01-08,10,82.67,87
7,2025-01-08,15,39.22,206
8,2025-01-08,22,25.99,233
9,2025-01-08,9,61.67,148
10,2025-01-08,4,115.84,116
1,2025-01-09,25,30.92,144
2,2025-01-09,17,49.15,156
3,2025-01-09,30,10.3,327
4,2025-01-09,5,207.43,58
5,2025-01-09,24,14.93,390
6,2025-01-09,8,76.18,96
7,2025-01-09,10,41.86,267
8,2025-01-09,15,26.19,260
9,2025-01-09,11,62.81,141
10,2025-01-09,7,115.29,88
1,2025-01-10,15,30.31,209
2,2025-01-10,8,48.76,194
3,2025-01-10,44,10.03,337
4,2025-01-10,5,197.27,50
5,2025-01-10,19,14.71,294
6,2025-01-10,7,78.46,90
7,2025-01-10,11,38.5,225
8,2025-01-10,27,26.0,250
9,2025-01-10,8,56.99,181
10,2025-01-10,4,121.85,113
1,2025-01-11,13,29.91,234
2,2025-01-11,12,47.91,150
3,2025-01-11,21,10.31,348
4,2025-01-11,4,193.97,61
5,2025-01-11,23,15.51,381
6,2025-01-11,4,77.55,136
7,2025-01-11,11,40.61,220
8,2025-01-11,19,24.01,232
9,2025-01-11,13,60.1,216
10,2025-01-11,6,119.47,149
1,2025-01-12,9,30.28,155
2,2025-01-12,15,51.09,138
3,2025-01-12,31,10.39,320
4,2025-01-12,4,194.94,78
5,2025-01-12,23,15.18,301
6,2025-01-12,9,78.16,126
7,2025-01-12,12,38.92,199
8,2025-01-12,19,24.76,269
9,2025-01-12,8,59.51,146
10,2025-01-12,3,124.27,72
1,2025-01-13,16,29.55,228
2,2025-01-13,17,49.59,95
3,2025-01-13,15,9.71,382
4,2025-01-13,4,196.71,77
5,2025-01-13,19,14.94,356
6,2025-01-13,7,79.14,108
7,2025-01-13,20,38.53,209
8,2025-01-13,25,24.27,293
9,2025-01-13,10,61.5,104
10,2025-01-13,6,114.22,106
1,2025-01-14,21,30.44,217
2,2025-01-14,8,52.24,136
3,2025-01-14,31,9.62,361
4,2025-01-14,4,203.98,65
5,2025-01-14,27,15.36,379
6,2025-01-14,10,76.86,50
7,2025-01-14,12,41.82,252
8,2025-01-14,19,25.47,265
9,2025-01-14,14,62.09,164
10,2025-01-14,10,123.38,153
1,2025-01-15,12,30.01,254
2,2025-01-15,15,48.02,106
3,2025-01-15,16,10.2,344
4,2025-01-15,4,195.39,50
5,2025-01-15,15,14.89,320
6,2025-01-15,7,82.64,177
7,2025-01-15,17,39.85,184
8,2025-01-15,18,25.87,298
9,2025-01-15,11,59.03,183
10,2025-01-15,6,114.11,66
1,2025-01-16,23,29.96,240
2,2025-01-16,10,49.94,124
3,2025-01-16,31,10.18,393
4,2025-01-16,3,200.61,61
5,2025-01-16,23,15.29,311
6,2025-01-16,8,77.53,134
7,2025-01-16,7,38.73,205
8,2025-01-16,10,26.18,294
9,2025-01-16,9,58.16,159
10,2025-01-16,6,120.4,101
1,2025-01-17,23,30.58,238
2,2025-01-17,14,51.85,138
3,2025-01-17,18,9.67,405
4,2025-01-17,7,206.43,62
5,2025-01-17,32,14.32,359
6,2025-01-17,6,83.94,109
7,2025-01-17,15,41.15,173
8,2025-01-17,13,24.85,273
9,2025-01-17,12,60.72,134
10,2025-01-17,6,116.48,50
1,2025-01-18,15,29.01,233
2,2025-01-18,16,50.46,171
3,2025-01-18,28,10.19,421
4,2025-01-18,4,205.75,50
5,2025-01-18,15,14.88,274
6,2025-01-18,4,82.6,67
7,2025-01-18,16,40.99,224
8,2025-01-18,19,25.46,289
9,2025-01-18,13,59.95,135
10,2025-01-18,8,117.86,103
1,2025-01-19,27,31.0,260
2,2025-01-19,25,50.85,131
3,2025-01-19,40,9.96,360
4,2025-01-19,6,201.7,63
5,2025-01-19,20,14.76,337
6,2025-01-19,5,78.63,62
7,2025-01-19,12,41.24,277
8,2025-01-19,15,24.55,278
9,2025-01-19,7,62.92,161
10,2025-01-19,4,116.24,89
1,2025-01-20,17,30.77,201
2,2025-01-20,4,49.68,154
3,2025-01-20,42,10.1,435
4,2025-01-20,6,201.03,110
5,2025-01-20,39,14.93,337
6,2025-01-20,9,81.72,80
7,2025-01-20,13,41.91,270
8,2025-01-20,14,26.04,276
9,2025-01-20,14,58.65,86
10,2025-01-20,2,120.08,132
1,2025-01-21,16,30.25,243
2,2025-01-21,10,50.18,175
3,2025-01-21,17,9.95,377
4,2025-01-21,6,201.43,120
5,2025-01-21,24,15.36,308
6,2025-01-21,9,81.3,78
7,2025-01-21,20,38.14,195
8,2025-01-21,10,25.93,259
9,2025-01-21,7,61.32,139
10,2025-01-21,6,119.62,74
1,2025-01-22,13,30.44,267
2,2025-01-22,16,49.39,122
3,2025-01-22,24,10.36,349
4,2025-01-22,7,208.41,84
5,2025-01-22,23,14.39,289
6,2025-01-22,10,81.54,78
7,2025-01-22,22,39.16,219
8,2025-01-22,25,25.15,290
9,2025-01-22,10,62.21,148
10,2025-01-22,7,115.71,160
1,2025-01-23,17,28.52,246
2,2025-01-23,16,48.28,139
3,2025-01-23,21,10.13,415
4,2025-01-23,5,193.97,134
5,2025-01-23,19,15.1,331
6,2025-01-23,10,83.81,105
7,2025-01-23,14,40.73,238
8,2025-01-23,28,24.98,262
9,2025-01-23,9,60.63,196
10,2025-01-23,5,122.12,61
1,2025-01-24,12,30.37,180
2,2025-01-24,10,49.69,148
3,2025-01-24,27,9.79,347
4,2025-01-24,5,200.78,85
5,2025-01-24,9,15.49,333
6,2025-01-24,9,82.44,76
7,2025-01-24,14,41.84,229
8,2025-01-24,32,25.55,225
9,2025-01-24,15,59.18,115
10,2025-01-24,9,119.45,91
1,2025-01-25,14,30.96,188
2,2025-01-25,14,47.62,169
3,2025-01-25,11,9.71,373
4,2025-01-25,7,196.03,50
5,2025-01-25,35,14.7,371
6,2025-01-25,12,77.08,145
7,2025-01-25,11,41.77,167
8,2025-01-25,20,24.78,279
9,2025-01-25,7,62.7,152
10,2025-01-25,5,125.4,115
1,2025-01-26,23,30.12,232
2,2025-01-26,10,48.44,201
3,2025-01-26,32,10.15,332
4,2025-01-26,5,205.73,74
5,2025-01-26,30,14.34,332
6,2025-01-26,8,82.95,135
7,2025-01-26,20,38.0,237
8,2025-01-26,22,24.37,305
9,2025-01-26,10,57.08,129
10,2025-01-26,7,116.08,126
1,2025-01-27,17,30.73,197
2,2025-01-27,13,48.04,131
3,2025-01-27,30,10.27,344
4,2025-01-27,3,209.27,75
5,2025-01-27,17,15.27,338
6,2025-01-27,9,76.64,103
7,2025-01-27,18,40.52,210
8,2025-01-27,12,25.07,376
9,2025-01-27,9,61.2,126
10,2025-01-27,4,122.64,57
1,2025-01-28,14,29.51,244
2,2025-01-28,11,49.62,172
3,2025-01-28,24,10.41,409
4,2025-01-28,5,191.92,61
5,2025-01-28,27,15.12,284
6,2025-01-28,7,78.82,124
7,2025-01-28,15,40.87,130
8,2025-01-28,16,25.18,277
9,2025-01-28,9,57.64,117
10,2025-01-28,4,120.88,131
1,2025-01-29,25,30.94,152
2,2025-01-29,12,52.13,155
3,2025-01-29,27,10.19,402
4,2025-01-29,5,207.39,77
5,2025-01-29,21,15.19,358
6,2025-01-29,8,79.35,94
7,2025-01-29,10,41.1,243
8,2025-01-29,22,24.13,278
9,2025-01-29,9,60.96,120
10,2025-01-29,5,123.05,107
1,2025-01-30,13,30.53,248
2,2025-01-30,12,49.47,158
3,2025-01-30,34,9.7,392
4,2025-01-30,5,190.15,99
5,2025-01-30,27,15.3,349
6,2025-01-30,10,76.57,55
7,2025-01-30,16,41.67,194
8,2025-01-30,14,25.51,271
9,2025-01-30,10,58.94,138
10,2025-01-30,4,125.03,61
1,2025-01-31,19,30.26,212
2,2025-01-31,10,49.19,189
3,2025-01-31,32,9.6,399
4,2025-01-31,6,204.54,55
5,2025-01-31,26,14.46,319
6,2025-01-31,5,81.23,88
7,2025-01-31,16,41.01,161
8,2025-01-31,8,25.15,311
9,2025-01-31,6,60.75,106
10,2025-01-31,8,117.62,109
1,2025-02-01,23,29.42,242
2,2025-02-01,18,47.87,168
3,2025-02-01,34,10.0,336
4,2025-02-01,2,207.91,61
5,2025-02-01,28,14.72,283
6,2025-02-01,8,76.82,114
7,2025-02-01,11,40.01,256
8,2025-02-01,21,24.84,311
9,2025-02-01,12,58.69,165
10,2025-02-01,5,123.46,128
1,2025-02-02,19,30.52,245
2,2025-02-02,11,52.02,117
3,2025-02-02,22,9.63,419
4,2025-02-02,8,197.83,61
5,2025-02-02,30,14.81,293
6,2025-02-02,9,82.62,65
7,2025-02-02,13,40.57,175
8,2025-02-02,17,24.19,314
9,2025-02-02,13,58.35,135
10,2025-02-02,10,115.2,111
1,2025-02-03,22,28.6,182
2,2025-02-03,12,49.37,161
3,2025-02-03,34,10.3,344
4,2025-02-03,4,203.52,90
5,2025-02-03,19,15.36,341
6,2025-02-03,6,82.46,109
7,2025-02-03,17,41.78,162
8,2025-02-03,16,24.69,289
9,2025-02-03,15,61.8,134
10,2025-02-03,6,124.48,136
1,2025-02-04,25,31.04,270
2,2025-02-04,12,52.02,153
3,2025-02-04,10,9.71,418
4,2025-02-04,5,191.06,80
5,2025-02-04,26,14.8,445
6,2025-02-04,12,81.19,77
7,2025-02-04,17,41.31,215
8,2025-02-04,26,24.86,335
9,2025-02-04,12,62.0,148
10,2025-02-04,6,115.32,60
1,2025-02-05,16,29.75,233
2,2025-02-05,10,52.02,172
3,2025-02-05,37,9.73,393
4,2025-02-05,3,194.8,95
5,2025-02-05,22,15.7,337
6,2025-02-05,5,83.9,109
7,2025-02-05,11,40.53,220
8,2025-02-05,20,25.71,292
9,2025-02-05,10,61.62,94
10,2025-02-05,6,120.54,98
1,2025-02-06,21,29.88,267
2,2025-02-06,8,47.81,127
3,2025-02-06,21,9.53,398
4,2025-02-06,9,200.3,81
5,2025-02-06,19,15.37,336
6,2025-02-06,5,82.92,157
7,2025-02-06,18,41.55,214
8,2025-02-06,25,26.17,257
9,2025-02-06,3,60.11,147
10,2025-02-06,6,121.22,78
1,2025-02-07,13,28.73,225
2,2025-02-07,10,49.62,205
3,2025-02-07,26,10.36,389
4,2025-02-07,6,209.59,68
5,2025-02-07,33,14.79,317
6,2025-02-07,5,77.13,50
7,2025-02-07,15,38.26,189
8,2025-02-07,16,25.16,302
9,2025-02-07,7,59.22,73
10,2025-02-07,4,118.77,78
1,2025-02-08,17,30.7,248
2,2025-02-08,8,48.8,201
3,2025-02-08,2,9.78,430
4,2025-02-08,4,207.05,77
5,2025-02-08,30,14.37,290
6,2025-02-08,9,78.77,97
7,2025-02-08,6,41.4,195
8,2025-02-08,28,25.72,253
9,2025-02-08,11,57.82,146
10,2025-02-08,9,118.42,92
1,2025-02-09,10,28.75,230
2,2025-02-09,18,50.12,152
3,2025-02-09,29,10.46,352
4,2025-02-09,3,196.88,89
5,2025-02-09,26,14.51,257
6,2025-02-09,3,76.43,147
7,2025-02-09,16,39.28,212
8,2025-02-09,12,25.98,338
9,2025-02-09,10,60.29,190
10,2025-02-09,6,120.02,133
1,2025-02-10,19,30.47,216
2,2025-02-10,6,50.31,135
3,2025-02-10,29,10.13,368
4,2025-02-10,3,198.32,50
5,2025-02-10,14,14.67,324
6,2025-02-10,3,81.47,124
7,2025-02-10,16,39.75,209
8,2025-02-10,22,24.52,308
9,2025-02-10,9,62.84,88
10,2025-02-10,5,117.82,123
1,2025-02-11,16,28.78,263
2,2025-02-11,8,48.73,194
3,2025-02-11,31,10.07,403
4,2025-02-11,5,200.28,50
5,2025-02-11,23,15.66,333
6,2025-02-11,9,78.81,115
7,2025-02-11,6,40.61,216
8,2025-02-11,9,24.82,271
9,2025-02-11,9,59.19,92
10,2025-02-11,5,120.63,91
1,2025-02-12,8,29.33,233
2,2025-02-12,11,52.36,158
3,2025-02-12,29,10.43,330
4,2025-02-12,6,199.99,113
5,2025-02-12,28,14.95,345
6,2025-02-12,5,78.61,91
7,2025-02-12,22,40.95,285
8,2025-02-12,14,25.07,329
9,2025-02-12,8,59.2,192
10,2025-02-12,9,123.55,81
1,2025-02-13,16,29.91,213
2,2025-02-13,13,50.38,111
3,2025-02-13,23,10.12,362
4,2025-02-13,5,203.6,65
5,2025-02-13,27,14.27,329
6,2025-02-13,10,79.27,142
7,2025-02-13,22,40.93,188
8,2025-02-13,23,24.55,285
9,2025-02-13,7,58.03,133
10,2025-02-13,5,123.25,116
1,2025-02-14,12,30.32,209
2,2025-02-14,12,48.61,195
3,2025-02-14,25,9.7,388
4,2025-02-14,4,208.66,99
5,2025-02-14,23,15.25,348
6,2025-02-14,12,83.63,94
7,2025-02-14,14,40.85,234
8,2025-02-14,16,24.94,302
9,2025-02-14,3,61.17,133
10,2025-02-14,4,116.9,68
1,2025-02-15,9,28.65,234
2,2025-02-15,11,51.34,166
3,2025-02-15,9,9.9,362
4,2025-02-15,6,193.98,50
5,2025-02-15,19,15.6,385
6,2025-02-15,5,81.77,94
7,2025-02-15,17,41.52,205
8,2025-02-15,38,24.73,213
9,2025-02-15,17,62.55,91
10,2025-02-15,9,115.28,85
1,2025-02-16,13,30.12,326
2,2025-02-16,18,49.83,151
3,2025-02-16,30,9.95,396
4,2025-02-16,6,205.81,119
5,2025-02-16,23,15.52,290
6,2025-02-16,9,76.68,76
7,2025-02-16,15,39.28,228
8,2025-02-16,19,25.62,285
9,2025-02-16,8,57.06,185
10,2025-02-16,6,115.41,86
1,2025-02-17,11,31.17,254
2,2025-02-17,11,52.07,187
3,2025-02-17,22,9.62,380
4,2025-02-17,5,198.31,50
5,2025-02-17,14,15.24,350
6,2025-02-17,8,82.97,169
7,2025-02-17,8,38.3,226
8,2025-02-17,27,25.0,284
9,2025-02-17,11,60.11,169
10,2025-02-17,7,115.08,131
1,2025-02-18,18,30.03,203
2,2025-02-18,15,51.52,170
3,2025-02-18,14,10.24,417
4,2025-02-18,6,191.27,76
5,2025-02-18,25,15.64,344
6,2025-02-18,4,82.12,140
7,2025-02-18,11,41.96,187
8,2025-02-18,28,24.68,214
9,2025-02-18,7,60.91,114
10,2025-02-18,7,120.34,123
1,2025-02-19,16,28.56,243
2,2025-02-19,9,50.15,132
3,2025-02-19,26,9.77,379
4,2025-02-19,5,206.18,61
5,2025-02-19,24,14.26,279
6,2025-02-19,8,80.77,113
7,2025-02-19,21,39.6,225
8,2025-02-19,22,23.88,336
9,2025-02-19,8,61.38,198
10,2025-02-19,4,117.84,72
1,2025-02-20,20,29.15,272
2,2025-02-20,19,51.89,173
3,2025-02-20,20,9.99,339
4,2025-02-20,7,205.71,59
5,2025-02-20,19,14.8,330
6,2025-02-20,3,78.4,125
7,2025-02-20,17,40.24,125
8,2025-02-20,16,24.35,288
9,2025-02-20,5,62.07,95
10,2025-02-20,6,117.21,72
1,2025-02-21,8,29.05,201
2,2025-02-21,10,49.89,125
3,2025-02-21,16,9.51,436
4,2025-02-21,5,209.98,72
5,2025-02-21,23,14.55,348
6,2025-02-21,3,79.04,100
7,2025-02-21,12,40.04,227
8,2025-02-21,33,24.91,294
9,2025-02-21,12,59.47,122
10,2025-02-21,6,117.12,105
1,2025-02-22,11,28.95,228
2,2025-02-22,6,49.99,211
3,2025-02-22,23,10.31,334
4,2025-02-22,4,193.36,50
5,2025-02-22,28,14.97,340
6,2025-02-22,4,76.46,108
7,2025-02-22,20,40.66,130
8,2025-02-22,9,24.32,318
9,2025-02-22,13,59.23,136
10,2025-02-22,5,119.79,60
1,2025-02-23,22,28.53,228
2,2025-02-23,10,47.58,245
3,2025-02-23,19,10.4,347
4,2025-02-23,5,193.83,84
5,2025-02-23,24,14.84,311
6,2025-02-23,5,83.91,139
7,2025-02-23,10,40.6,149
8,2025-02-23,19,24.69,265
9,2025-02-23,10,58.02,142
10,2025-02-23,3,120.78,116
1,2025-02-24,21,28.62,262
2,2025-02-24,16,49.87,132
3,2025-02-24,41,10.39,384
4,2025-02-24,8,196.28,79
5,2025-02-24,12,15.31,314
6,2025-02-24,8,77.91,115
7,2025-02-24,6,39.32,251
8,2025-02-24,30,25.55,339
9,2025-02-24,10,59.61,132
10,2025-02-24,4,125.45,140
1,2025-02-25,16,29.31,211
2,2025-02-25,8,52.2,175
3,2025-02-25,20,9.58,336
4,2025-02-25,5,191.63,50
5,2025-02-25,19,15.35,296
6,2025-02-25,7,78.46,116
7,2025-02-25,13,38.74,224
8,2025-02-25,13,23.81,280
9,2025-02-25,12,58.94,163
10,2025-02-25,5,115.01,119
1,2025-02-26,27,30.21,194
2,2025-02-26,9,49.0,183
3,2025-02-26,33,9.91,381
4,2025-02-26,6,194.92,83
5,2025-02-26,18,14.4,328
6,2025-02-26,9,80.95,97
7,2025-02-26,11,41.25,225
8,2025-02-26,22,24.54,256
9,2025-02-26,10,62.78,155
10,2025-02-26,5,119.88,139
1,2025-02-27,15,30.94,268
2,2025-02-27,14,50.45,190
3,2025-02-27,20,10.44,347
4,2025-02-27,4,195.82,50
5,2025-02-27,27,14.85,275
6,2025-02-27,6,81.26,95
7,2025-02-27,14,41.95,195
8,2025-02-27,12,26.04,304
9,2025-02-27,4,59.15,128
10,2025-02-27,3,115.01,86
1,2025-02-28,12,30.43,225
2,2025-02-28,16,49.49,151
3,2025-02-28,33,9.5,376
4,2025-02-28,3,201.6,74
5,2025-02-28,15,15.4,342
6,2025-02-28,5,76.19,118
7,2025-02-28,3,38.45,253
8,2025-02-28,21,24.88,312
9,2025-02-28,5,59.62,147
10,2025-02-28,5,123.71,122
1,2025-03-01,30,30.52,205
2,2025-03-01,21,48.36,171
3,2025-03-01,22,9.72,355
4,2025-03-01,9,198.63,119
5,2025-03-01,32,15.13,312
6,2025-03-01,11,82.01,83
7,2025-03-01,24,41.48,217
8,2025-03-01,27,24.4,283
9,2025-03-01,11,60.57,129
10,2025-03-01,8,124.14,76
1,2025-03-02,28,29.38,172
2,2025-03-02,20,48.08,176
3,2025-03-02,46,10.0,404
4,2025-03-02,9,193.71,91
5,2025-03-02,32,15.74,274
6,2025-03-02,11,78.51,112
7,2025-03-02,26,38.03,222
8,2025-03-02,37,25.0,193
9,2025-03-02,14,62.03,108
10,2025-03-02,10,123.12,98
1,2025-03-03,24,28.99,265
2,2025-03-03,18,50.24,124
3,2025-03-03,50,10.31,398
4,2025-03-03,8,204.37,64
5,2025-03-03,39,15.48,291
6,2025-03-03,9,79.59,223
7,2025-03-03,24,41.97,153
8,2025-03-03,31,25.21,333
9,2025-03-03,14,57.99,105
10,2025-03-03,10,114.7,112
1,2025-03-04,24,29.46,253
2,2025-03-04,17,51.78,169
3,2025-03-04,39,10.45,326
4,2025-03-04,12,207.33,50
5,2025-03-04,39,15.31,269
6,2025-03-04,12,79.91,62
7,2025-03-04,22,39.8,223
8,2025-03-04,32,25.03,273
9,2025-03-04,18,62.69,127
10,2025-03-04,13,122.78,81
1,2025-03-05,18,29.56,259
2,2025-03-05,16,49.64,169
3,2025-03-05,39,9.83,410
4,2025-03-05,6,196.86,58
5,2025-03-05,39,15.42,319
6,2025-03-05,15,79.52,161
7,2025-03-05,25,40.74,208
8,2025-03-05,28,26.07,270
9,2025-03-05,14,59.22,106
10,2025-03-05,11,117.66,110
1,2025-03-06,26,30.6,293
2,2025-03-06,16,48.62,161
3,2025-03-06,50,10.31,304
4,2025-03-06,7,191.41,82
5,2025-03-06,35,14.71,275
6,2025-03-06,15,82.02,156
7,2025-03-06,25,40.11,219
8,2025-03-06,26,25.55,241
9,2025-03-06,17,61.11,146
10,2025-03-06,11,123.02,95
1,2025-03-07,16,29.43,297
2,2025-03-07,18,50.26,171
3,2025-03-07,30,10.18,317
4,2025-03-07,7,200.34,51
5,2025-03-07,35,14.32,262
6,2025-03-07,14,76.89,97
7,2025-03-07,18,41.9,164
8,2025-03-07,33,25.89,256
9,2025-03-07,12,61.57,162
10,2025-03-07,10,114.8,89
1,2025-03-08,27,30.86,225
2,2025-03-08,15,49.57,133
3,2025-03-08,49,10.11,391
4,2025-03-08,7,194.05,102
5,2025-03-08,28,15.19,297
6,2025-03-08,11,81.58,93
7,2025-03-08,23,38.34,192
8,2025-03-08,22,24.51,279
9,2025-03-08,15,61.24,113
10,2025-03-08,12,120.27,145
1,2025-03-09,24,28.87,195
2,2025-03-09,17,51.35,242
3,2025-03-09,43,9.55,316
4,2025-03-09,7,199.09,69
5,2025-03-09,26,14.79,337
6,2025-03-09,14,81.77,137
7,2025-03-09,21,41.44,209
8,2025-03-09,24,24.12,261
9,2025-03-09,17,62.47,95
10,2025-03-09,8,118.99,101
1,2025-03-10,25,29.61,236
2,2025-03-10,20,51.51,130
3,2025-03-10,43,9.96,372
4,2025-03-10,8,201.05,57
5,2025-03-10,38,14.7,339
6,2025-03-10,9,79.94,116
7,2025-03-10,25,41.03,268
8,2025-03-10,36,24.32,277
9,2025-03-10,18,62.7,98
10,2025-03-10,8,122.72,50
1,2025-03-11,21,29.97,243
2,2025-03-11,23,47.96,137
3,2025-03-11,48,10.19,343
4,2025-03-11,8,191.9,75
5,2025-03-11,36,15.09,308
6,2025-03-11,13,78.08,107
7,2025-03-11,24,40.93,160
8,2025-03-11,30,24.25,265
9,2025-03-11,13,57.98,129
10,2025-03-11,8,125.57,117
1,2025-03-12,23,28.85,264
2,2025-03-12,15,50.97,127
3,2025-03-12,44,9.58,356
4,2025-03-12,6,203.53,105
5,2025-03-12,37,14.85,316
6,2025-03-12,12,79.69,78
7,2025-03-12,22,41.31,180
8,2025-03-12,38,24.67,293
9,2025-03-12,12,58.54,99
10,2025-03-12,10,124.82,93
1,2025-03-13,32,30.98,276
2,2025-03-13,22,48.33,163
3,2025-03-13,44,9.52,312
4,2025-03-13,8,193.73,94
5,2025-03-13,36,15.17,327
6,2025-03-13,11,80.4,148
7,2025-03-13,21,38.79,199
8,2025-03-13,22,25.75,259
9,2025-03-13,20,59.14,125
10,2025-03-13,5,120.02,103
1,2025-03-14,27,29.15,225
2,2025-03-14,18,52.45,150
3,2025-03-14,43,10.46,273
4,2025-03-14,7,206.32,50
5,2025-03-14,50,14.57,300
6,2025-03-14,12,82.7,73
7,2025-03-14,24,41.21,222
8,2025-03-14,31,25.49,238
9,2025-03-14,11,58.12,113
10,2025-03-14,11,117.7,66
1,2025-03-15,28,29.15,232
2,2025-03-15,26,48.5,174
3,2025-03-15,36,10.33,311
4,2025-03-15,10,208.33,70
5,2025-03-15,43,15.68,269
6,2025-03-15,14,76.8,101
7,2025-03-15,23,41.78,197
8,2025-03-15,38,24.18,216
9,2025-03-15,12,61.71,80
10,2025-03-15,9,117.67,78
1,2025-03-16,30,31.34,228
2,2025-03-16,9,52.32,240
3,2025-03-16,25,10.46,348
4,2025-03-16,4,192.8,50
5,2025-03-16,36,14.49,372
6,2025-03-16,15,81.1,118
7,2025-03-16,18,38.99,225
8,2025-03-16,30,23.74,291
9,2025-03-16,14,62.3,58
10,2025-03-16,8,115.21,119
1,2025-03-17,29,30.55,208
2,2025-03-17,24,48.96,190
3,2025-03-17,43,9.66,364
4,2025-03-17,7,207.95,50
5,2025-03-17,27,14.96,325
6,2025-03-17,13,83.11,109
7,2025-03-17,24,38.75,199
8,2025-03-17,28,24.4,237
9,2025-03-17,15,60.42,134
10,2025-03-17,11,119.12,117
1,2025-03-18,21,29.09,214
2,2025-03-18,19,47.9,169
3,2025-03-18,37,9.98,380
4,2025-03-18,9,193.69,85
5,2025-03-18,29,14.64,347
6,2025-03-18,12,76.48,125
7,2025-03-18,21,39.37,186
8,2025-03-18,37,25.12,230
9,2025-03-18,16,60.2,94
10,2025-03-18,5,119.71,109
1,2025-03-19,31,30.0,167
2,2025-03-19,19,50.59,133
3,2025-03-19,40,10.47,304
4,2025-03-19,8,198.46,50
5,2025-03-19,12,15.18,370
6,2025-03-19,11,83.3,184
7,2025-03-19,18,39.29,230
8,2025-03-19,18,25.71,293
9,2025-03-19,11,59.48,142
10,2025-03-19,7,125.27,61
1,2025-03-20,22,29.35,221
2,2025-03-20,15,49.41,191
3,2025-03-20,38,9.77,384
4,2025-03-20,6,190.77,50
5,2025-03-20,32,15.36,311
6,2025-03-20,12,82.53,109
7,2025-03-20,21,40.77,250
8,2025-03-20,32,26.18,260
9,2025-03-20,16,59.49,108
10,2025-03-20,10,123.88,105
1,2025-03-21,25,30.95,164
2,2025-03-21,19,50.02,196
3,2025-03-21,49,9.52,332
4,2025-03-21,9,194.98,50
5,2025-03-21,44,14.65,254
6,2025-03-21,8,76.98,118
7,2025-03-21,17,38.7,219
8,2025-03-21,25,24.15,241
9,2025-03-21,14,58.7,94
10,2025-03-21,11,125.57,115
1,2025-03-22,20,29.3,197
2,2025-03-22,24,51.33,186
3,2025-03-22,49,10.09,377
4,2025-03-22,7,196.1,121
5,2025-03-22,30,14.8,305
6,2025-03-22,11,81.41,135
7,2025-03-22,20,40.04,202
8,2025-03-22,33,25.36,235
9,2025-03-22,14,57.37,136
10,2025-03-22,7,117.12,50
1,2025-03-23,28,28.94,192
2,2025-03-23,23,51.5,121
3,2025-03-23,33,10.21,318
4,2025-03-23,9,198.36,73
5,2025-03-23,45,15.1,343
6,2025-03-23,11,80.27,81
7,2025-03-23,27,40.02,150
8,2025-03-23,36,24.19,241
9,2025-03-23,16,61.84,142
10,2025-03-23,11,118.02,140
1,2025-03-24,19,29.41,260
2,2025-03-24,16,48.96,173
3,2025-03-24,23,10.07,368
4,2025-03-24,10,200.0,90
5,2025-03-24,30,14.32,316
6,2025-03-24,12,79.26,122
7,2025-03-24,25,39.26,166
8,2025-03-24,30,25.32,255
9,2025-03-24,14,58.63,126
10,2025-03-24,11,119.86,128
1,2025-03-25,30,30.39,247
2,2025-03-25,21,47.68,165
3,2025-03-25,38,9.81,340
4,2025-03-25,8,202.52,118
5,2025-03-25,32,14.43,300
6,2025-03-25,10,82.58,105
7,2025-03-25,19,40.38,254
8,2025-03-25,44,24.6,157
9,2025-03-25,13,62.68,141
10,2025-03-25,8,122.72,110
1,2025-03-26,24,29.0,193
2,2025-03-26,17,51.87,165
3,2025-03-26,37,10.48,349
4,2025-03-26,7,203.78,70
5,2025-03-26,28,14.95,367
6,2025-03-26,10,78.4,67
7,2025-03-26,19,40.41,194
8,2025-03-26,30,25.54,280
9,2025-03-26,15,58.18,154
10,2025-03-26,9,116.41,124
1,2025-03-27,24,29.98,249
2,2025-03-27,20,47.5,143
3,2025-03-27,50,10.16,354
4,2025-03-27,9,204.46,98
5,2025-03-27,34,15.72,351
6,2025-03-27,10,77.39,123
7,2025-03-27,19,39.24,244
8,2025-03-27,37,23.86,265
9,2025-03-27,13,59.14,123
10,2025-03-27,6,115.11,50
1,2025-03-28,26,31.38,263
2,2025-03-28,12,51.49,203
3,2025-03-28,40,10.19,381
4,2025-03-28,8,198.31,64
5,2025-03-28,37,14.51,279
6,2025-03-28,11,81.47,107
7,2025-03-28,23,41.67,212
8,2025-03-28,27,24.39,288
9,2025-03-28,13,61.59,92
10,2025-03-28,4,122.03,65
1,2025-03-29,16,28.78,222
2,2025-03-29,17,50.87,194
3,2025-03-29,44,10.48,363
4,2025-03-29,7,206.97,55
5,2025-03-29,36,14.98,324
6,2025-03-29,12,77.77,103
7,2025-03-29,18,39.83,204
8,2025-03-29,18,24.86,314
9,2025-03-29,10,57.61,142
10,2025-03-29,9,115.08,89
1,2025-03-30,21,30.02,224
2,2025-03-30,13,49.31,114
3,2025-03-30,40,10.05,383
4,2025-03-30,5,204.31,86
5,2025-03-30,34,14.75,272
6,2025-03-30,13,80.17,96
7,2025-03-30,24,38.55,191
8,2025-03-30,28,25.27,275
9,2025-03-30,17,59.73,111
10,2025-03-30,9,118.96,69
1,2025-03-31,27,30.81,191
2,2025-03-31,12,48.16,106
3,2025-03-31,36,10.42,338
4,2025-03-31,5,208.41,82
5,2025-03-31,24,14.43,308
6,2025-03-31,7,80.02,78
7,2025-03-31,31,41.04,195
8,2025-03-31,44,24.87,270
9,2025-03-31,10,61.48,169
10,2025-03-31,8,122.53,50
1,2025-04-01,22,30.36,223
2,2025-04-01,14,52.4,199
3,2025-04-01,48,10.18,360
4,2025-04-01,8,199.6,89
5,2025-04-01,30,15.36,272
6,2025-04-01,10,82.46,166
7,2025-04-01,23,40.67,213
8,2025-04-01,29,24.46,268
9,2025-04-01,17,58.76,86
10,2025-04-01,13,115.22,89
1,2025-04-02,23,30.72,165
2,2025-04-02,18,51.48,222
3,2025-04-02,29,9.88,286
4,2025-04-02,9,201.03,76
5,2025-04-02,34,15.41,332
6,2025-04-02,14,81.63,50
7,2025-04-02,21,40.4,150
8,2025-04-02,34,24.18,248
9,2025-04-02,15,60.07,156
10,2025-04-02,7,115.55,108
1,2025-04-03,24,30.62,269
2,2025-04-03,19,47.74,166
3,2025-04-03,30,9.98,336
4,2025-04-03,6,196.35,118
5,2025-04-03,35,15.0,331
6,2025-04-03,10,77.76,112
7,2025-04-03,19,38.86,216
8,2025-04-03,9,25.8,263
9,2025-04-03,19,59.66,118
10,2025-04-03,7,125.5,63
1,2025-04-04,19,31.32,296
2,2025-04-04,14,52.05,150
3,2025-04-04,28,9.94,436
4,2025-04-04,8,200.27,53
5,2025-04-04,42,15.05,415
6,2025-04-04,14,82.18,113
7,2025-04-04,19,40.14,200
8,2025-04-04,39,25.36,219
9,2025-04-04,14,59.75,123
10,2025-04-04,10,123.52,94
1,2025-04-05,21,29.27,224
2,2025-04-05,14,47.57,138
3,2025-04-05,27,10.11,350
4,2025-04-05,5,191.44,50
5,2025-04-05,43,14.69,375
6,2025-04-05,11,79.15,73
7,2025-04-05,15,38.54,215
8,2025-04-05,31,26.14,255
9,2025-04-05,11,61.76,74
10,2025-04-05,6,120.63,146
1,2025-04-06,24,30.28,227
2,2025-04-06,20,51.23,135
3,2025-04-06,34,10.14,391
4,2025-04-06,8,206.68,94
5,2025-04-06,39,15.52,332
6,2025-04-06,18,79.68,61
7,2025-04-06,20,38.38,201
8,2025-04-06,23,24.06,272
9,2025-04-06,17,62.39,164
10,2025-04-06,7,117.66,104
1,2025-04-07,19,29.44,222
2,2025-04-07,20,48.6,151
3,2025-04-07,24,9.62,387
4,2025-04-07,9,197.16,51
5,2025-04-07,29,15.15,296
6,2025-04-07,12,80.3,101
7,2025-04-07,22,38.29,212
8,2025-04-07,27,25.19,278
9,2025-04-07,8,60.3,107
10,2025-04-07,11,123.29,91
1,2025-04-08,25,30.69,286
2,2025-04-08,13,49.47,174
3,2025-04-08,30,10.3,314
4,2025-04-08,8,198.91,109
5,2025-04-08,43,15.69,273
6,2025-04-08,9,77.74,114
7,2025-04-08,25,38.16,221
8,2025-04-08,33,24.91,254
9,2025-04-08,22,58.93,144
10,2025-04-08,5,124.01,90
1,2025-04-09,21,30.45,229
2,2025-04-09,13,50.07,124
3,2025-04-09,46,9.84,301
4,2025-04-09,5,202.07,77
5,2025-04-09,36,14.36,317
6,2025-04-09,11,78.89,123
7,2025-04-09,23,41.23,201
8,2025-04-09,22,24.27,296
9,2025-04-09,14,57.25,128
10,2025-04-09,11,114.46,123
1,2025-04-10,27,29.03,206
2,2025-04-10,13,47.58,139
3,2025-04-10,35,9.58,348
4,2025-04-10,10,193.4,61
5,2025-04-10,23,15.47,310
6,2025-04-10,10,81.78,94
7,2025-04-10,15,38.91,220
8,2025-04-10,31,25.89,281
9,2025-04-10,12,57.57,147
10,2025-04-10,9,123.4,85
1,2025-04-11,28,28.88,240
2,2025-04-11,20,51.36,98
3,2025-04-11,30,9.53,365
4,2025-04-11,8,205.78,127
5,2025-04-11,23,15.38,291
6,2025-04-11,12,79.81,124
7,2025-04-11,23,41.5,183
8,2025-04-11,32,25.71,307
9,2025-04-11,14,60.92,133
10,2025-04-11,8,115.85,116
1,2025-04-12,23,29.76,292
2,2025-04-12,16,51.26,211
3,2025-04-12,40,9.86,322
4,2025-04-12,7,196.88,96
5,2025-04-12,32,15.23,244
6,2025-04-12,8,77.28,132
7,2025-04-12,17,40.19,212
8,2025-04-12,27,26.15,282
9,2025-04-12,15,62.54,146
10,2025-04-12,10,114.95,108
1,2025-04-13,13,30.33,294
2,2025-04-13,16,52.22,114
3,2025-04-13,32,9.69,333
4,2025-04-13,8,190.66,50
5,2025-04-13,28,14.49,345
6,2025-04-13,11,77.25,99
7,2025-04-13,21,39.57,168
8,2025-04-13,19,23.91,291
9,2025-04-13,13,62.48,196
10,2025-04-13,11,121.27,90
1,2025-04-14,29,29.27,210
2,2025-04-14,18,48.96,153
3,2025-04-14,44,10.37,257
4,2025-04-14,5,209.31,54
5,2025-04-14,34,15.68,268
6,2025-04-14,8,76.21,128
7,2025-04-14,26,41.97,202
8,2025-04-14,29,26.13,296
9,2025-04-14,20,58.48,150
10,2025-04-14,7,114.9,50
1,2025-04-15,19,31.17,244
2,2025-04-15,22,52.04,144
3,2025-04-15,42,10.36,429
4,2025-04-15,8,202.36,99
5,2025-04-15,45,15.25,332
6,2025-04-15,8,80.32,86
7,2025-04-15,14,39.96,197
8,2025-04-15,38,24.97,189
9,2025-04-15,16,58.32,119
10,2025-04-15,12,119.73,105
1,2025-04-16,18,30.55,243
2,2025-04-16,22,49.79,143
3,2025-04-16,43,10.07,374
4,2025-04-16,6,200.96,62
5,2025-04-16,23,14.79,335
6,2025-04-16,12,78.97,145
7,2025-04-16,20,38.51,215
8,2025-04-16,29,24.42,300
9,2025-04-16,11,57.87,141
10,2025-04-16,11,116.11,133
1,2025-04-17,33,30.04,201
2,2025-04-17,17,50.3,136
3,2025-04-17,28,9.55,382
4,2025-04-17,5,198.99,83
5,2025-04-17,27,15.64,366
6,2025-04-17,12,82.93,98
7,2025-04-17,22,40.59,250
8,2025-04-17,29,25.42,244
9,2025-04-17,13,59.28,80
10,2025-04-17,8,116.0,75
1,2025-04-18,20,30.2,253
2,2025-04-18,19,48.63,175
3,2025-04-18,36,10.13,403
4,2025-04-18,4,197.25,96
5,2025-04-18,40,14.52,342
6,2025-04-18,10,83.51,62
7,2025-04-18,23,38.4,226
8,2025-04-18,34,23.81,247
9,2025-04-18,14,58.56,133
10,2025-04-18,7,117.7,50
1,2025-04-19,22,28.88,255
2,2025-04-19,22,51.79,173
3,2025-04-19,16,10.03,404
4,2025-04-19,3,203.94,105
5,2025-04-19,25,15.19,297
6,2025-04-19,8,78.47,108
7,2025-04-19,13,39.76,197
8,2025-04-19,28,23.74,280
9,2025-04-19,15,59.81,127
10,2025-04-19,13,119.71,65
1,2025-04-20,20,29.18,260
2,2025-04-20,14,50.29,191
3,2025-04-20,44,9.88,408
4,2025-04-20,7,194.78,101
5,2025-04-20,44,15.27,295
6,2025-04-20,11,79.29,50
7,2025-04-20,22,40.54,215
8,2025-04-20,27,24.21,340
9,2025-04-20,17,58.11,158
10,2025-04-20,9,122.72,143
1,2025-04-21,27,29.52,262
2,2025-04-21,21,49.81,50
3,2025-04-21,30,10.44,447
4,2025-04-21,7,199.39,66
5,2025-04-21,40,15.48,294
6,2025-04-21,11,82.16,88
7,2025-04-21,20,39.83,182
8,2025-04-21,11,24.92,274
9,2025-04-21,13,60.76,173
10,2025-04-21,11,117.03,72
1,2025-04-22,27,31.08,298
2,2025-04-22,20,49.11,201
3,2025-04-22,37,10.28,414
4,2025-04-22,10,199.5,82
5,2025-04-22,31,14.48,354
6,2025-04-22,7,83.97,64
7,2025-04-22,26,40.8,194
8,2025-04-22,31,26.19,267
9,2025-04-22,14,59.62,90
10,2025-04-22,8,115.61,59
1,2025-04-23,18,29.37,227
2,2025-04-23,17,49.23,173
3,2025-04-23,35,10.4,417
4,2025-04-23,8,195.9,83
5,2025-04-23,33,15.2,325
6,2025-04-23,11,82.84,108
7,2025-04-23,21,40.62,245
8,2025-04-23,22,24.98,299
9,2025-04-23,12,60.84,130
10,2025-04-23,8,124.01,96
1,2025-04-24,26,29.95,230
2,2025-04-24,10,50.78,145
3,2025-04-24,36,9.86,335
4,2025-04-24,10,194.17,100
5,2025-04-24,35,15.44,338
6,2025-04-24,6,79.32,90
7,2025-04-24,18,39.05,165
8,2025-04-24,33,26.1,247
9,2025-04-24,18,60.18,171
10,2025-04-24,8,121.49,94
1,2025-04-25,23,28.81,189
2,2025-04-25,14,50.82,181
3,2025-04-25,40,9.89,389
4,2025-04-25,10,198.85,163
5,2025-04-25,24,14.73,417
6,2025-04-25,11,81.8,75
7,2025-04-25,18,41.05,178
8,2025-04-25,28,24.86,354
9,2025-04-25,12,60.56,53
10,2025-04-25,11,117.59,94
1,2025-04-26,24,30.96,212
2,2025-04-26,16,50.27,188
3,2025-04-26,39,9.85,396
4,2025-04-26,6,194.65,100
5,2025-04-26,39,15.62,309
6,2025-04-26,10,77.37,51
7,2025-04-26,18,41.62,162
8,2025-04-26,25,25.18,343
9,2025-04-26,19,59.08,136
10,2025-04-26,6,124.43,128
1,2025-04-27,19,28.52,187
2,2025-04-27,14,47.7,182
3,2025-04-27,43,9.71,424
4,2025-04-27,7,198.9,50
5,2025-04-27,28,14.67,327
6,2025-04-27,12,80.56,128
7,2025-04-27,19,40.0,198
8,2025-04-27,30,25.14,282
9,2025-04-27,13,60.69,114
10,2025-04-27,9,123.31,106
1,2025-04-28,25,30.51,223
2,2025-04-28,15,50.46,201
3,2025-04-28,29,10.11,426
4,2025-04-28,6,190.89,76
5,2025-04-28,35,15.38,318
6,2025-04-28,12,83.58,104
7,2025-04-28,26,38.05,143
8,2025-04-28,33,23.8,308
9,2025-04-28,12,60.13,139
10,2025-04-28,6,115.69,97
1,2025-04-29,30,30.48,252
2,2025-04-29,18,51.44,179
3,2025-04-29,49,9.5,376
4,2025-04-29,7,203.19,126
5,2025-04-29,47,15.21,336
6,2025-04-29,6,76.79,173
7,2025-04-29,24,38.74,168
8,2025-04-29,15,23.79,310
9,2025-04-29,11,59.35,142
10,2025-04-29,8,121.49,119
1,2025-04-30,29,30.93,209
2,2025-04-30,22,51.56,135
3,2025-04-30,31,9.64,336
4,2025-04-30,7,197.63,56
5,2025-04-30,25,14.58,310
6,2025-04-30,15,83.27,176
7,2025-04-30,18,38.54,195
8,2025-04-30,32,24.51,198
9,2025-04-30,12,62.96,124
10,2025-04-30,12,124.99,148
1,2025-05-01,12,28.85,217
2,2025-05-01,21,51.32,110
3,2025-05-01,30,9.93,359
4,2025-05-01,10,195.47,50
5,2025-05-01,36,15.38,317
6,2025-05-01,11,77.84,153
7,2025-05-01,19,40.74,175
8,2025-05-01,20,25.52,285
9,2025-05-01,16,57.82,116
10,2025-05-01,12,114.17,104
1,2025-05-02,16,31.45,251
2,2025-05-02,24,52.42,166
3,2025-05-02,30,9.95,387
4,2025-05-02,7,204.7,79
5,2025-05-02,29,15.35,354
6,2025-05-02,6,82.29,104
7,2025-05-02,13,38.16,211
8,2025-05-02,22,25.58,272
9,2025-05-02,10,57.29,140
10,2025-05-02,8,123.92,108
1,2025-05-03,17,28.65,252
2,2025-05-03,21,49.75,194
3,2025-05-03,48,10.43,368
4,2025-05-03,8,199.01,101
5,2025-05-03,23,14.54,304
6,2025-05-03,11,83.25,149
7,2025-05-03,20,38.45,187
8,2025-05-03,23,24.7,291
9,2025-05-03,6,59.26,140
10,2025-05-03,10,120.78,50
1,2025-05-04,29,29.03,257
2,2025-05-04,14,51.33,180
3,2025-05-04,35,9.62,375
4,2025-05-04,6,199.16,54
5,2025-05-04,32,15.56,334
6,2025-05-04,9,79.27,100
7,2025-05-04,18,40.18,184
8,2025-05-04,18,23.86,275
9,2025-05-04,13,62.11,126
10,2025-05-04,10,125.03,78
1,2025-05-05,21,30.51,234
2,2025-05-05,15,51.43,137
3,2025-05-05,27,10.42,405
4,2025-05-05,7,197.57,107
5,2025-05-05,25,14.68,360
6,2025-05-05,10,80.21,87
7,2025-05-05,18,38.43,155
8,2025-05-05,16,24.95,213
9,2025-05-05,22,58.71,88
10,2025-05-05,8,125.93,128
1,2025-05-06,28,30.05,243
2,2025-05-06,14,50.54,161
3,2025-05-06,38,9.51,352
4,2025-05-06,9,205.98,102
5,2025-05-06,27,15.08,329
6,2025-05-06,13,78.24,101
7,2025-05-06,19,39.29,253
8,2025-05-06,26,25.55,242
9,2025-05-06,16,58.97,143
10,2025-05-06,7,123.56,50
1,2025-05-07,16,31.17,237
2,2025-05-07,13,49.56,206
3,2025-05-07,41,10.21,353
4,2025-05-07,6,203.7,66
5,2025-05-07,38,15.69,310
6,2025-05-07,18,81.0,106
7,2025-05-07,17,40.37,178
8,2025-05-07,28,24.53,252
9,2025-05-07,11,58.42,159
10,2025-05-07,10,117.62,91
1,2025-05-08,25,31.23,177
2,2025-05-08,21,49.99,178
3,2025-05-08,49,10.01,301
4,2025-05-08,9,206.43,111
5,2025-05-08,31,15.33,307
6,2025-05-08,10,76.02,66
7,2025-05-08,18,38.34,166
8,2025-05-08,35,25.39,289
9,2025-05-08,12,62.34,130
10,2025-05-08,10,117.82,114
1,2025-05-09,25,29.31,261
2,2025-05-09,14,48.52,145
3,2025-05-09,36,10.19,395
4,2025-05-09,7,202.26,87
5,2025-05-09,29,14.95,316
6,2025-05-09,12,79.4,122
7,2025-05-09,16,41.33,175
8,2025-05-09,24,25.78,248
9,2025-05-09,12,62.83,99
10,2025-05-09,8,123.74,89
1,2025-05-10,18,30.54,231
2,2025-05-10,14,48.61,160
3,2025-05-10,25,9.88,321
4,2025-05-10,6,207.64,50
5,2025-05-10,41,14.77,319
6,2025-05-10,13,80.83,162
7,2025-05-10,27,41.18,236
8,2025-05-10,22,25.07,240
9,2025-05-10,10,60.28,152
10,2025-05-10,8,123.76,109
1,2025-05-11,25,30.85,191
2,2025-05-11,17,47.88,193
3,2025-05-11,30,10.08,357
4,2025-05-11,4,193.51,54
5,2025-05-11,36,15.46,301
6,2025-05-11,9,81.27,143
7,2025-05-11,24,41.6,132
8,2025-05-11,32,24.11,266
9,2025-05-11,11,58.16,161
10,2025-05-11,8,124.95,131
1,2025-05-12,28,31.44,219
2,2025-05-12,17,52.42,169
3,2025-05-12,42,9.86,371
4,2025-05-12,10,206.4,88
5,2025-05-12,42,14.59,245
6,2025-05-12,9,79.05,130
7,2025-05-12,14,39.89,202
8,2025-05-12,18,25.84,340
9,2025-05-12,18,57.8,147
10,2025-05-12,12,119.83,94
1,2025-05-13,26,30.42,228
2,2025-05-13,11,50.51,185
3,2025-05-13,42,10.04,395
4,2025-05-13,7,202.08,87
5,2025-05-13,36,14.99,302
6,2025-05-13,9,83.82,101
7,2025-05-13,20,39.92,178
8,2025-05-13,34,26.2,271
9,2025-05-13,14,57.46,92
10,2025-05-13,11,122.89,96
1,2025-05-14,30,30.88,252
2,2025-05-14,20,51.38,170
3,2025-05-14,29,10.22,373
4,2025-05-14,10,195.77,66
5,2025-05-14,43,15.33,278
6,2025-05-14,14,77.34,131
7,2025-05-14,29,40.49,200
8,2025-05-14,34,25.87,299
9,2025-05-14,16,62.14,168
10,2025-05-14,10,121.09,108
1,2025-05-15,15,29.27,246
2,2025-05-15,10,51.8,179
3,2025-05-15,42,10.42,396
4,2025-05-15,2,205.4,82
5,2025-05-15,24,14.56,330
6,2025-05-15,9,82.03,153
7,2025-05-15,23,39.2,212
8,2025-05-15,28,24.69,224
9,2025-05-15,12,62.21,152
10,2025-05-15,11,122.13,64
1,2025-05-16,23,31.24,213
2,2025-05-16,21,52.08,135
3,2025-05-16,35,9.59,375
4,2025-05-16,5,204.97,105
5,2025-05-16,29,14.75,299
6,2025-05-16,12,81.37,135
7,2025-05-16,23,38.41,201
8,2025-05-16,29,24.22,323
9,2025-05-16,20,60.93,155
10,2025-05-16,12,122.49,84
1,2025-05-17,25,30.46,193
2,2025-05-17,8,51.97,137
3,2025-05-17,38,10.43,385
4,2025-05-17,8,198.53,54
5,2025-05-17,34,14.48,318
6,2025-05-17,11,78.65,89
7,2025-05-17,24,39.75,190
8,2025-05-17,36,24.19,247
9,2025-05-17,17,58.3,169
10,2025-05-17,12,115.23,74
1,2025-05-18,20,29.83,205
2,2025-05-18,20,52.15,188
3,2025-05-18,37,10.39,404
4,2025-05-18,3,199.8,71
5,2025-05-18,40,15.42,263
6,2025-05-18,17,82.53,105
7,2025-05-18,11,39.43,176
8,2025-05-18,22,26.14,321
9,2025-05-18,7,57.47,127
10,2025-05-18,9,116.11,56
1,2025-05-19,21,30.58,225
2,2025-05-19,15,47.91,141
3,2025-05-19,38,9.68,329
4,2025-05-19,6,191.25,54
5,2025-05-19,30,15.49,358
6,2025-05-19,12,76.44,101
7,2025-05-19,23,41.22,193
8,2025-05-19,20,25.93,306
9,2025-05-19,8,57.21,115
10,2025-05-19,8,125.01,72
1,2025-05-20,23,29.01,232
2,2025-05-20,15,49.77,224
3,2025-05-20,26,9.6,345
4,2025-05-20,8,206.08,53
5,2025-05-20,41,15.26,245
6,2025-05-20,14,77.09,91
7,2025-05-20,23,40.36,155
8,2025-05-20,31,24.78,268
9,2025-05-20,11,62.54,139
10,2025-05-20,12,121.34,116
1,2025-05-21,29,28.51,243
2,2025-05-21,21,51.92,186
3,2025-05-21,43,10.18,334
4,2025-05-21,6,198.23,50
5,2025-05-21,32,14.51,313
6,2025-05-21,14,82.25,98
7,2025-05-21,24,38.46,195
8,2025-05-21,33,25.64,281
9,2025-05-21,15,60.95,192
10,2025-05-21,10,122.21,131
1,2025-05-22,21,30.5,251
2,2025-05-22,15,49.66,150
3,2025-05-22,43,9.53,289
4,2025-05-22,8,205.7,64
5,2025-05-22,45,15.32,339
6,2025-05-22,10,81.4,131
7,2025-05-22,22,38.38,161
8,2025-05-22,33,24.29,247
9,2025-05-22,8,57.86,142
10,2025-05-22,7,115.63,98
1,2025-05-23,15,29.1,186
2,2025-05-23,17,48.17,142
3,2025-05-23,34,9.83,344
4,2025-05-23,5,202.75,50
5,2025-05-23,43,15.52,412
6,2025-05-23,13,83.95,77
7,2025-05-23,23,40.91,166
8,2025-05-23,29,25.19,275
9,2025-05-23,13,60.43,140
10,2025-05-23,10,119.64,83
1,2025-05-24,30,29.93,210
2,2025-05-24,19,48.69,129
3,2025-05-24,50,10.44,390
4,2025-05-24,7,191.8,115
5,2025-05-24,30,15.53,350
6,2025-05-24,14,82.16,101
7,2025-05-24,15,39.47,236
8,2025-05-24,21,23.92,218
9,2025-05-24,14,59.55,149
10,2025-05-24,12,123.52,69
1,2025-05-25,33,30.7,277
2,2025-05-25,22,51.93,160
3,2025-05-25,31,9.86,421
4,2025-05-25,7,204.18,73
5,2025-05-25,39,14.41,310
6,2025-05-25,14,83.66,100
7,2025-05-25,21,39.4,187
8,2025-05-25,27,23.9,260
9,2025-05-25,10,57.73,139
10,2025-05-25,8,117.5,57
1,2025-05-26,28,30.92,129
2,2025-05-26,24,49.78,202
3,2025-05-26,44,10.45,376
4,2025-05-26,7,199.92,113
5,2025-05-26,24,14.68,298
6,2025-05-26,10,78.76,107
7,2025-05-26,19,38.24,167
8,2025-05-26,30,25.35,348
9,2025-05-26,12,58.95,172
10,2025-05-26,8,119.33,50
1,2025-05-27,30,29.01,274
2,2025-05-27,8,51.34,187
3,2025-05-27,33,9.66,366
4,2025-05-27,7,209.45,50
5,2025-05-27,30,14.47,294
6,2025-05-27,13,77.0,120
7,2025-05-27,23,38.13,241
8,2025-05-27,26,25.09,316
9,2025-05-27,12,59.42,202
10,2025-05-27,11,117.83,126
1,2025-05-28,23,29.48,136
2,2025-05-28,14,52.21,157
3,2025-05-28,35,10.06,329
4,2025-05-28,5,204.62,87
5,2025-05-28,40,14.7,347
6,2025-05-28,13,76.73,91
7,2025-05-28,17,38.88,158
8,2025-05-28,29,25.09,281
9,2025-05-28,14,60.06,133
10,2025-05-28,8,125.31,123
1,2025-05-29,22,31.05,247
2,2025-05-29,15,49.25,168
3,2025-05-29,41,10.22,354
4,2025-05-29,10,195.76,61
5,2025-05-29,41,15.58,333
6,2025-05-29,10,77.65,104
7,2025-05-29,30,38.25,97
8,2025-05-29,29,24.76,234
9,2025-05-29,11,61.25,153
10,2025-05-29,10,118.57,103
1,2025-05-30,33,30.99,244
2,2025-05-30,14,47.62,167
3,2025-05-30,37,10.32,440
4,2025-05-30,5,198.33,50
5,2025-05-30,32,14.42,312
6,2025-05-30,12,81.95,106
7,2025-05-30,13,40.5,183
8,2025-05-30,28,25.02,253
9,2025-05-30,15,57.34,126
10,2025-05-30,10,115.95,83
1,2025-05-31,15,29.56,274
2,2025-05-31,9,50.06,153
3,2025-05-31,40,10.24,369
4,2025-05-31,9,203.69,50
5,2025-05-31,30,14.38,273
6,2025-05-31,12,80.14,107
7,2025-05-31,17,41.63,219
8,2025-05-31,32,24.21,260
9,2025-05-31,10,60.14,102
10,2025-05-31,6,115.36,79
1,2025-06-01,33,31.26,244
2,2025-06-01,16,51.57,178
3,2025-06-01,28,9.83,331
4,2025-06-01,10,194.44,72
5,2025-06-01,38,14.43,357
6,2025-06-01,15,82.26,139
7,2025-06-01,23,38.16,166
8,2025-06-01,31,23.89,258
9,2025-06-01,14,61.0,140
10,2025-06-01,10,116.46,50
1,2025-06-02,26,28.76,232
2,2025-06-02,26,49.23,145
3,2025-06-02,27,9.73,369
4,2025-06-02,9,190.27,99
5,2025-06-02,37,15.59,333
6,2025-06-02,13,77.7,104
7,2025-06-02,20,40.35,175
8,2025-06-02,33,24.63,270
9,2025-06-02,15,57.67,142
10,2025-06-02,10,115.62,95
1,2025-06-03,23,28.61,198
2,2025-06-03,20,50.49,184
3,2025-06-03,48,10.04,368
4,2025-06-03,8,191.38,51
5,2025-06-03,24,14.51,309
6,2025-06-03,10,79.49,107
7,2025-06-03,24,39.59,200
8,2025-06-03,40,26.18,335
9,2025-06-03,17,60.56,112
10,2025-06-03,12,122.69,133
1,2025-06-04,23,29.31,175
2,2025-06-04,15,49.87,138
3,2025-06-04,32,9.77,370
4,2025-06-04,8,199.94,84
5,2025-06-04,37,14.32,355
6,2025-06-04,9,79.05,50
7,2025-06-04,25,38.38,251
8,2025-06-04,30,25.72,236
9,2025-06-04,13,58.56,112
10,2025-06-04,11,125.42,70
1,2025-06-05,14,29.64,270
2,2025-06-05,15,47.65,187
3,2025-06-05,44,10.2,337
4,2025-06-05,9,199.74,114
5,2025-06-05,30,15.27,276
6,2025-06-05,7,80.04,123
7,2025-06-05,10,40.46,215
8,2025-06-05,35,23.81,293
9,2025-06-05,16,61.44,126
10,2025-06-05,11,115.16,75
1,2025-06-06,22,30.47,261
2,2025-06-06,15,52.04,146
3,2025-06-06,37,9.51,401
4,2025-06-06,4,201.35,87
5,2025-06-06,33,15.12,331
6,2025-06-06,10,80.57,124
7,2025-06-06,27,39.33,219
8,2025-06-06,30,25.28,251
9,2025-06-06,11,62.07,146
10,2025-06-06,11,117.44,67
1,2025-06-07,30,29.17,205
2,2025-06-07,23,47.96,196
3,2025-06-07,50,9.97,402
4,2025-06-07,8,196.03,50
5,2025-06-07,27,14.54,344
6,2025-06-07,10,82.1,93
7,2025-06-07,28,41.44,193
8,2025-06-07,33,25.6,344
9,2025-06-07,18,60.68,108
10,2025-06-07,7,121.51,108
1,2025-06-08,23,28.94,231
2,2025-06-08,16,49.08,184
3,2025-06-08,44,9.9,335
4,2025-06-08,7,202.01,56
5,2025-06-08,38,14.61,300
6,2025-06-08,9,79.48,117
7,2025-06-08,24,38.54,212
8,2025-06-08,32,24.18,204
9,2025-06-08,18,57.11,112
10,2025-06-08,12,124.4,99
1,2025-06-09,21,30.46,262
2,2025-06-09,23,48.19,158
3,2025-06-09,38,10.01,267
4,2025-06-09,11,195.03,50
5,2025-06-09,35,15.45,342
6,2025-06-09,9,81.98,100
7,2025-06-09,19,38.69,191
8,2025-06-09,25,25.21,284
9,2025-06-09,9,58.89,194
10,2025-06-09,7,124.54,50
1,2025-06-10,19,30.95,286
2,2025-06-10,22,51.7,142
3,2025-06-10,50,10.28,360
4,2025-06-10,6,209.16,67
5,2025-06-10,36,15.54,274
6,2025-06-10,7,79.13,149
7,2025-06-10,21,41.28,224
8,2025-06-10,33,26.03,320
9,2025-06-10,18,59.43,113
10,2025-06-10,12,125.28,50
1,2025-06-11,16,30.64,251
2,2025-06-11,20,50.98,109
3,2025-06-11,33,10.3,384
4,2025-06-11,7,191.03,74
5,2025-06-11,26,14.44,291
6,2025-06-11,10,76.65,98
7,2025-06-11,10,41.31,196
8,2025-06-11,35,25.72,240
9,2025-06-11,10,58.55,143
10,2025-06-11,11,116.37,50
1,2025-06-12,29,31.32,254
2,2025-06-12,19,52.11,228
3,2025-06-12,27,10.46,343
4,2025-06-12,7,198.01,56
5,2025-06-12,34,14.79,298
6,2025-06-12,14,79.47,127
7,2025-06-12,15,38.46,211
8,2025-06-12,34,25.7,336
9,2025-06-12,13,62.13,135
10,2025-06-12,11,122.12,90
1,2025-06-13,22,29.36,248
2,2025-06-13,12,49.34,119
3,2025-06-13,38,9.62,377
4,2025-06-13,7,204.26,50
5,2025-06-13,34,14.38,324
6,2025-06-13,11,83.26,118
7,2025-06-13,32,40.38,143
8,2025-06-13,34,25.29,286
9,2025-06-13,12,62.8,154
10,2025-06-13,8,120.03,74
1,2025-06-14,26,29.44,211
2,2025-06-14,19,47.71,187
3,2025-06-14,50,10.24,266
4,2025-06-14,7,202.25,130
5,2025-06-14,34,15.58,354
6,2025-06-14,16,77.2,91
7,2025-06-14,17,38.2,170
8,2025-06-14,30,24.39,266
9,2025-06-14,6,62.55,188
10,2025-06-14,8,119.81,129
1,2025-06-15,30,28.86,195
2,2025-06-15,19,48.33,147
3,2025-06-15,37,10.08,419
4,2025-06-15,9,201.41,66
5,2025-06-15,45,15.26,294
6,2025-06-15,15,81.43,116
7,2025-06-15,12,41.34,177
8,2025-06-15,39,25.39,292
9,2025-06-15,18,57.03,104
10,2025-06-15,7,117.89,50
1,2025-06-16,23,30.2,165
2,2025-06-16,23,49.11,190
3,2025-06-16,50,9.87,392
4,2025-06-16,9,207.3,148
5,2025-06-16,37,15.41,314
6,2025-06-16,12,76.96,65
7,2025-06-16,14,39.23,223
8,2025-06-16,36,25.82,296
9,2025-06-16,8,59.85,145
10,2025-06-16,7,123.72,115
1,2025-06-17,20,28.61,249
2,2025-06-17,15,50.92,180
3,2025-06-17,28,10.01,385
4,2025-06-17,4,199.54,104
5,2025-06-17,45,15.5,349
6,2025-06-17,11,76.6,129
7,2025-06-17,25,38.37,206
8,2025-06-17,25,24.38,286
9,2025-06-17,13,60.96,145
10,2025-06-17,10,114.99,110
1,2025-06-18,23,29.86,258
2,2025-06-18,16,52.32,136
3,2025-06-18,42,10.24,367
4,2025-06-18,8,200.68,69
5,2025-06-18,38,14.96,310
6,2025-06-18,16,80.8,50
7,2025-06-18,13,39.43,148
8,2025-06-18,27,24.5,266
9,2025-06-18,16,57.09,120
10,2025-06-18,10,121.77,72
1,2025-06-19,18,30.86,260
2,2025-06-19,16,49.86,211
3,2025-06-19,42,10.19,334
4,2025-06-19,4,201.69,89
5,2025-06-19,23,14.32,325
6,2025-06-19,9,83.83,70
7,2025-06-19,21,40.21,167
8,2025-06-19,23,25.22,274
9,2025-06-19,12,59.92,83
10,2025-06-19,8,117.78,93
1,2025-06-20,29,29.91,202
2,2025-06-20,21,50.98,169
3,2025-06-20,39,9.83,401
4,2025-06-20,8,196.77,135
5,2025-06-20,40,14.44,290
6,2025-06-20,10,82.65,50
7,2025-06-20,21,41.19,131
8,2025-06-20,26,25.61,249
9,2025-06-20,16,60.62,161
10,2025-06-20,4,117.63,147
1,2025-06-21,26,31.13,233
2,2025-06-21,21,51.96,226
3,2025-06-21,48,10.11,401
4,2025-06-21,8,196.8,97
5,2025-06-21,49,14.64,353
6,2025-06-21,11,81.35,71
7,2025-06-21,26,39.82,162
8,2025-06-21,32,25.27,259
9,2025-06-21,20,57.24,127
10,2025-06-21,7,124.92,53
1,2025-06-22,23,30.01,248
2,2025-06-22,22,49.16,199
3,2025-06-22,45,9.91,304
4,2025-06-22,8,196.82,126
5,2025-06-22,41,15.37,335
6,2025-06-22,11,82.02,96
7,2025-06-22,23,39.64,255
8,2025-06-22,18,25.73,302
9,2025-06-22,16,57.05,128
10,2025-06-22,10,117.77,76
1,2025-06-23,26,30.77,225
2,2025-06-23,13,47.78,113
3,2025-06-23,37,10.01,336
4,2025-06-23,6,201.06,103
5,2025-06-23,34,14.25,265
6,2025-06-23,6,81.59,103
7,2025-06-23,23,41.14,227
8,2025-06-23,26,25.69,219
9,2025-06-23,16,57.21,164
10,2025-06-23,9,115.5,50
1,2025-06-24,24,30.15,237
2,2025-06-24,18,47.63,134
3,2025-06-24,35,10.26,337
4,2025-06-24,8,191.19,73
5,2025-06-24,30,14.31,290
6,2025-06-24,13,81.88,126
7,2025-06-24,30,41.95,181
8,2025-06-24,37,25.07,230
9,2025-06-24,13,61.7,151
10,2025-06-24,8,120.23,55
1,2025-06-25,22,30.96,269
2,2025-06-25,22,51.63,204
3,2025-06-25,50,9.97,379
4,2025-06-25,6,201.75,100
5,2025-06-25,31,14.99,338
6,2025-06-25,7,79.91,132
7,2025-06-25,23,38.5,173
8,2025-06-25,36,25.9,326
9,2025-06-25,16,61.47,153
10,2025-06-25,6,121.21,150
1,2025-06-26,30,28.61,267
2,2025-06-26,10,49.01,237
3,2025-06-26,41,10.08,380
4,2025-06-26,10,194.3,50
5,2025-06-26,32,14.76,296
6,2025-06-26,9,80.52,123
7,2025-06-26,23,40.87,159
8,2025-06-26,31,24.89,237
9,2025-06-26,9,58.94,154
10,2025-06-26,9,116.78,66
1,2025-06-27,13,31.16,211
2,2025-06-27,13,51.03,118
3,2025-06-27,44,10.05,344
4,2025-06-27,7,202.36,64
5,2025-06-27,44,14.52,321
6,2025-06-27,13,83.48,106
7,2025-06-27,30,38.97,184
8,2025-06-27,35,25.76,236
9,2025-06-27,14,62.16,155
10,2025-06-27,8,124.31,106
1,2025-06-28,25,28.79,256
2,2025-06-28,20,47.94,186
3,2025-06-28,36,10.1,387
4,2025-06-28,8,197.79,76
5,2025-06-28,30,14.8,314
6,2025-06-28,13,82.01,118
7,2025-06-28,15,39.53,219
8,2025-06-28,36,24.76,278
9,2025-06-28,13,62.31,156
10,2025-06-28,13,116.95,75
1,2025-06-29,26,29.71,221
2,2025-06-29,16,52.33,153
3,2025-06-29,50,10.03,353
4,2025-06-29,9,190.01,54
5,2025-06-29,38,15.7,328
6,2025-06-29,14,80.77,83
7,2025-06-29,19,40.52,217
8,2025-06-29,28,25.59,268
9,2025-06-29,14,57.73,175
10,2025-06-29,8,119.17,82
1,2025-06-30,29,30.54,224
2,2025-06-30,18,49.75,222
3,2025-06-30,48,9.95,340
4,2025-06-30,10,202.92,84
5,2025-06-30,20,15.25,343
6,2025-06-30,15,82.09,75
7,2025-06-30,24,38.3,176
8,2025-06-30,35,25.42,237
9,2025-06-30,17,59.14,92
10,2025-06-30,10,114.09,50
1,2025-07-01,30,29.15,236
2,2025-07-01,16,49.28,244
3,2025-07-01,35,10.21,367
4,2025-07-01,6,195.61,71
5,2025-07-01,34,14.53,275
6,2025-07-01,8,80.54,149
7,2025-07-01,16,40.25,184
8,2025-07-01,28,24.06,292
9,2025-07-01,15,58.36,173
10,2025-07-01,10,122.13,61
1,2025-07-02,23,29.25,190
2,2025-07-02,10,50.69,182
3,2025-07-02,50,9.92,323
4,2025-07-02,7,199.32,119
5,2025-07-02,36,14.58,267
6,2025-07-02,10,76.03,132
7,2025-07-02,27,38.09,200
8,2025-07-02,37,23.93,277
9,2025-07-02,16,60.75,169
10,2025-07-02,6,121.1,99
1,2025-07-03,23,28.81,259
2,2025-07-03,17,49.16,162
3,2025-07-03,50,10.11,305
4,2025-07-03,6,191.7,52
5,2025-07-03,42,15.51,350
6,2025-07-03,16,79.53,159
7,2025-07-03,21,40.7,189
8,2025-07-03,29,23.98,285
9,2025-07-03,15,60.95,190
10,2025-07-03,7,124.55,127
1,2025-07-04,19,30.84,292
2,2025-07-04,17,48.0,177
3,2025-07-04,50,9.68,364
4,2025-07-04,7,198.41,52
5,2025-07-04,31,15.44,354
6,2025-07-04,11,83.67,133
7,2025-07-04,19,41.09,272
8,2025-07-04,29,24.66,325
9,2025-07-04,11,57.33,115
10,2025-07-04,12,119.05,50
1,2025-07-05,29,30.85,293
2,2025-07-05,15,52.4,122
3,2025-07-05,36,10.45,390
4,2025-07-05,7,199.08,77
5,2025-07-05,40,14.25,338
6,2025-07-05,12,77.9,144
7,2025-07-05,26,40.95,202
8,2025-07-05,38,24.65,378
9,2025-07-05,16,58.73,146
10,2025-07-05,7,114.52,73
1,2025-07-06,26,31.15,230
2,2025-07-06,16,48.38,212
3,2025-07-06,50,9.51,277
4,2025-07-06,6,192.21,105
5,2025-07-06,34,15.45,326
6,2025-07-06,18,83.97,59
7,2025-07-06,23,38.57,170
8,2025-07-06,32,24.69,258
9,2025-07-06,8,58.46,101
10,2025-07-06,9,120.42,73
1,2025-07-07,25,30.88,215
2,2025-07-07,24,51.92,106
3,2025-07-07,49,10.15,410
4,2025-07-07,5,202.89,72
5,2025-07-07,28,14.72,330
6,2025-07-07,11,79.95,70
7,2025-07-07,14,40.33,258
8,2025-07-07,31,25.9,295
9,2025-07-07,13,60.42,185
10,2025-07-07,8,115.6,125
1,2025-07-08,21,30.24,240
2,2025-07-08,16,49.83,145
3,2025-07-08,44,9.87,360
4,2025-07-08,8,197.17,121
5,2025-07-08,41,15.21,255
6,2025-07-08,13,76.56,113
7,2025-07-08,23,39.31,225
8,2025-07-08,34,24.43,211
9,2025-07-08,26,61.5,110
10,2025-07-08,10,117.58,81
1,2025-07-09,27,29.71,189
2,2025-07-09,16,50.05,127
3,2025-07-09,46,9.72,356
4,2025-07-09,6,205.71,76
5,2025-07-09,35,15.43,296
6,2025-07-09,14,81.57,162
7,2025-07-09,17,39.49,212
8,2025-07-09,41,23.76,285
9,2025-07-09,17,59.5,103
10,2025-07-09,7,120.44,125
1,2025-07-10,34,31.26,247
2,2025-07-10,21,50.64,147
3,2025-07-10,29,10.47,351
4,2025-07-10,6,193.76,102
5,2025-07-10,29,15.58,331
6,2025-07-10,14,76.25,124
7,2025-07-10,20,38.27,183
8,2025-07-10,30,25.39,317
9,2025-07-10,19,58.02,130
10,2025-07-10,9,115.32,100
1,2025-07-11,24,31.35,210
2,2025-07-11,20,49.65,166
3,2025-07-11,31,10.43,370
4,2025-07-11,5,195.5,79
5,2025-07-11,38,14.84,297
6,2025-07-11,7,83.02,103
7,2025-07-11,16,39.14,169
8,2025-07-11,22,25.52,299
9,2025-07-11,11,58.04,109
10,2025-07-11,13,119.48,50
1,2025-07-12,28,29.67,233
2,2025-07-12,19,48.86,217
3,2025-07-12,37,10.19,411
4,2025-07-12,8,209.84,106
5,2025-07-12,39,14.4,290
6,2025-07-12,11,78.01,138
7,2025-07-12,21,40.77,191
8,2025-07-12,24,25.88,314
9,2025-07-12,17,62.49,139
10,2025-07-12,10,114.81,55
1,2025-07-13,26,28.91,281
2,2025-07-13,20,47.58,160
3,2025-07-13,39,9.88,429
4,2025-07-13,8,193.06,50
5,2025-07-13,37,15.25,342
6,2025-07-13,11,82.48,52
7,2025-07-13,21,39.55,145
8,2025-07-13,32,25.67,251
9,2025-07-13,18,58.42,134
10,2025-07-13,5,118.04,141
1,2025-07-14,24,31.14,193
2,2025-07-14,20,48.33,148
3,2025-07-14,47,10.05,399
4,2025-07-14,8,208.77,115
5,2025-07-14,38,14.5,347
6,2025-07-14,11,79.66,146
7,2025-07-14,25,39.47,177
8,2025-07-14,32,25.24,262
9,2025-07-14,18,62.93,142
10,2025-07-14,12,121.19,143
1,2025-07-15,24,31.41,174
2,2025-07-15,16,51.91,207
3,2025-07-15,47,9.83,315
4,2025-07-15,7,202.8,62
5,2025-07-15,19,14.59,280
6,2025-07-15,14,81.89,83
7,2025-07-15,22,39.49,199
8,2025-07-15,34,23.84,254
9,2025-07-15,9,61.43,103
10,2025-07-15,10,123.12,132
1,2025-07-16,33,29.36,242
2,2025-07-16,20,48.7,136
3,2025-07-16,50,9.74,307
4,2025-07-16,8,197.62,50
5,2025-07-16,36,15.54,346
6,2025-07-16,13,77.12,154
7,2025-07-16,28,41.31,189
8,2025-07-16,32,25.55,293
9,2025-07-16,15,58.05,120
10,2025-07-16,10,121.62,126
1,2025-07-17,27,31.41,216
2,2025-07-17,21,50.02,178
3,2025-07-17,43,10.28,343
4,2025-07-17,6,205.17,108
5,2025-07-17,33,15.33,324
6,2025-07-17,10,78.99,115
7,2025-07-17,25,39.87,220
8,2025-07-17,32,24.99,258
9,2025-07-17,9,62.63,136
10,2025-07-17,9,121.68,114
1,2025-07-18,25,31.25,235
2,2025-07-18,17,49.67,164
3,2025-07-18,50,10.0,327
4,2025-07-18,7,203.01,50
5,2025-07-18,36,14.29,269
6,2025-07-18,10,81.57,74
7,2025-07-18,23,40.71,241
8,2025-07-18,20,25.84,255
9,2025-07-18,16,62.49,95
10,2025-07-18,7,120.21,64
1,2025-07-19,18,29.25,266
2,2025-07-19,24,49.4,157
3,2025-07-19,28,10.22,428
4,2025-07-19,6,196.88,50
5,2025-07-19,37,14.84,258
6,2025-07-19,17,76.0,113
7,2025-07-19,21,40.61,155
8,2025-07-19,34,25.5,312
9,2025-07-19,19,59.69,186
10,2025-07-19,10,116.18,94
1,2025-07-20,26,29.72,282
2,2025-07-20,14,48.32,129
3,2025-07-20,38,9.83,372
4,2025-07-20,6,192.01,86
5,2025-07-20,37,15.11,273
6,2025-07-20,15,76.05,122
7,2025-07-20,31,41.72,186
8,2025-07-20,28,24.67,278
9,2025-07-20,21,62.64,122
10,2025-07-20,10,118.26,101
1,2025-07-21,31,30.58,225
2,2025-07-21,20,50.5,135
3,2025-07-21,40,10.3,416
4,2025-07-21,6,199.49,50
5,2025-07-21,45,15.68,358
6,2025-07-21,15,76.36,98
7,2025-07-21,21,40.42,232
8,2025-07-21,30,24.81,236
9,2025-07-21,24,62.13,69
10,2025-07-21,10,116.33,73
1,2025-07-22,20,31.06,225
2,2025-07-22,23,49.0,188
3,2025-07-22,27,9.66,357
4,2025-07-22,10,194.81,105
5,2025-07-22,38,14.37,272
6,2025-07-22,12,83.42,81
7,2025-07-22,24,39.02,176
8,2025-07-22,34,24.08,254
9,2025-07-22,16,61.14,110
10,2025-07-22,13,121.2,62
1,2025-07-23,21,30.7,267
2,2025-07-23,16,51.77,124
3,2025-07-23,44,9.58,407
4,2025-07-23,8,204.88,50
5,2025-07-23,28,15.67,361
6,2025-07-23,13,80.27,98
7,2025-07-23,27,39.45,180
8,2025-07-23,34,25.24,250
9,2025-07-23,13,59.75,169
10,2025-07-23,14,119.99,67
1,2025-07-24,24,30.49,201
2,2025-07-24,18,49.03,106
3,2025-07-24,50,10.2,424
4,2025-07-24,9,204.07,50
5,2025-07-24,44,15.48,328
6,2025-07-24,12,81.59,64
7,2025-07-24,25,39.94,186
8,2025-07-24,41,25.86,214
9,2025-07-24,13,61.06,116
10,2025-07-24,10,120.32,65
1,2025-07-25,26,31.06,211
2,2025-07-25,23,50.39,179
3,2025-07-25,50,9.95,345
4,2025-07-25,10,195.81,113
5,2025-07-25,40,15.34,398
6,2025-07-25,12,81.42,58
7,2025-07-25,30,39.7,228
8,2025-07-25,35,26.17,281
9,2025-07-25,24,60.89,149
10,2025-07-25,13,118.84,92
1,2025-07-26,27,30.55,233
2,2025-07-26,17,50.95,129
3,2025-07-26,36,10.35,310
4,2025-07-26,8,197.34,122
5,2025-07-26,45,15.24,322
6,2025-07-26,16,80.57,117
7,2025-07-26,23,38.71,144
8,2025-07-26,28,25.17,269
9,2025-07-26,22,61.76,167
10,2025-07-26,11,120.66,83
1,2025-07-27,29,30.05,184
2,2025-07-27,18,48.11,101
3,2025-07-27,50,9.67,327
4,2025-07-27,9,206.0,112
5,2025-07-27,41,14.48,318
6,2025-07-27,13,83.83,100
7,2025-07-27,20,39.68,211
8,2025-07-27,37,26.11,262
9,2025-07-27,17,59.66,87
10,2025-07-27,10,125.82,58
1,2025-07-28,24,28.79,206
2,2025-07-28,19,48.99,168
3,2025-07-28,50,9.71,354
4,2025-07-28,10,191.48,105
5,2025-07-28,27,14.84,389
6,2025-07-28,13,81.55,138
7,2025-07-28,30,41.97,199
8,2025-07-28,35,25.38,270
9,2025-07-28,14,57.91,103
10,2025-07-28,10,121.23,101
1,2025-07-29,29,30.14,257
2,2025-07-29,17,49.16,149
3,2025-07-29,47,9.5,349
4,2025-07-29,10,192.09,56
5,2025-07-29,43,14.7,323
6,2025-07-29,10,81.59,105
7,2025-07-29,18,41.58,200
8,2025-07-29,38,24.6,234
9,2025-07-29,20,60.56,109
10,2025-07-29,9,114.1,93
1,2025-07-30,29,29.63,220
2,2025-07-30,25,52.36,160
3,2025-07-30,44,10.2,425
4,2025-07-30,11,200.03,69
5,2025-07-30,23,15.56,344
6,2025-07-30,11,83.57,167
7,2025-07-30,23,38.31,199
8,2025-07-30,36,23.88,240
9,2025-07-30,13,62.24,113
10,2025-07-30,8,122.76,109
1,2025-07-31,10,31.15,227
2,2025-07-31,15,52.04,181
3,2025-07-31,41,10.24,334
4,2025-07-31,8,206.46,50
5,2025-07-31,29,15.15,287
6,2025-07-31,11,80.18,60
7,2025-07-31,31,40.04,187
8,2025-07-31,28,24.67,307
9,2025-07-31,18,60.22,111
10,2025-07-31,12,117.51,112
1,2025-08-01,27,29.14,195
2,2025-08-01,24,51.62,161
3,2025-08-01,33,9.98,386
4,2025-08-01,7,197.07,62
5,2025-08-01,42,14.77,329
6,2025-08-01,12,80.1,117
7,2025-08-01,28,38.61,208
8,2025-08-01,34,24.49,300
9,2025-08-01,18,57.64,184
10,2025-08-01,11,118.23,75
1,2025-08-02,21,29.09,289
2,2025-08-02,23,51.21,146
3,2025-08-02,47,9.97,354
4,2025-08-02,8,200.99,99
5,2025-08-02,37,15.39,259
6,2025-08-02,7,82.73,114
7,2025-08-02,26,38.08,221
8,2025-08-02,23,24.33,268
9,2025-08-02,12,61.41,208
10,2025-08-02,10,123.12,129
1,2025-08-03,31,29.24,232
2,2025-08-03,27,48.73,63
3,2025-08-03,48,10.3,377
4,2025-08-03,7,209.84,71
5,2025-08-03,35,14.44,331
6,2025-08-03,18,79.4,93
7,2025-08-03,25,39.62,210
8,2025-08-03,30,24.58,255
9,2025-08-03,12,58.82,141
10,2025-08-03,10,119.01,121
1,2025-08-04,29,28.65,209
2,2025-08-04,21,52.03,208
3,2025-08-04,50,9.85,436
4,2025-08-04,9,201.03,67
5,2025-08-04,33,14.78,342
6,2025-08-04,11,81.19,110
7,2025-08-04,17,38.51,236
8,2025-08-04,39,26.02,276
9,2025-08-04,18,62.54,191
10,2025-08-04,9,122.69,75
1,2025-08-05,30,28.62,284
2,2025-08-05,17,51.87,143
3,2025-08-05,50,10.38,310
4,2025-08-05,8,191.34,50
5,2025-08-05,46,14.27,280
6,2025-08-05,13,76.35,91
7,2025-08-05,26,40.95,155
8,2025-08-05,28,26.17,235
9,2025-08-05,16,61.67,108
10,2025-08-05,11,115.91,114
1,2025-08-06,24,30.86,170
2,2025-08-06,19,49.01,136
3,2025-08-06,42,9.66,360
4,2025-08-06,9,192.95,73
5,2025-08-06,44,15.43,283
6,2025-08-06,13,80.27,175
7,2025-08-06,21,39.47,250
8,2025-08-06,31,25.54,238
9,2025-08-06,14,57.33,110
10,2025-08-06,11,125.57,78
1,2025-08-07,34,31.43,191
2,2025-08-07,20,51.22,151
3,2025-08-07,35,10.12,312
4,2025-08-07,9,195.37,50
5,2025-08-07,43,14.47,284
6,2025-08-07,13,83.21,89
7,2025-08-07,25,41.44,228
8,2025-08-07,24,25.36,301
9,2025-08-07,17,59.36,146
10,2025-08-07,11,116.93,84
1,2025-08-08,30,30.07,204
2,2025-08-08,22,49.38,141
3,2025-08-08,50,10.13,350
4,2025-08-08,9,192.84,81
5,2025-08-08,50,15.68,346
6,2025-08-08,13,81.65,87
7,2025-08-08,19,39.77,218
8,2025-08-08,32,23.88,271
9,2025-08-08,15,61.94,135
10,2025-08-08,10,124.03,132
1,2025-08-09,29,29.77,238
2,2025-08-09,18,51.88,149
3,2025-08-09,50,9.6,346
4,2025-08-09,9,209.11,82
5,2025-08-09,37,15.62,271
6,2025-08-09,16,77.41,79
7,2025-08-09,19,38.59,168
8,2025-08-09,30,24.61,346
9,2025-08-09,20,62.59,95
10,2025-08-09,11,114.02,68
1,2025-08-10,32,29.45,261
2,2025-08-10,19,49.88,126
3,2025-08-10,27,9.77,360
4,2025-08-10,10,197.69,73
5,2025-08-10,30,14.86,324
6,2025-08-10,11,81.22,161
7,2025-08-10,20,40.13,216
8,2025-08-10,36,25.19,243
9,2025-08-10,12,61.48,112
10,2025-08-10,11,125.92,102
1,2025-08-11,16,31.25,221
2,2025-08-11,16,51.82,201
3,2025-08-11,44,10.34,331
4,2025-08-11,10,206.55,67
5,2025-08-11,50,15.3,371
6,2025-08-11,19,78.96,106
7,2025-08-11,24,41.34,168
8,2025-08-11,39,23.94,299
9,2025-08-11,12,57.89,122
10,2025-08-11,11,122.37,50
1,2025-08-12,24,30.83,231
2,2025-08-12,20,51.9,196
3,2025-08-12,45,9.5,290
4,2025-08-12,7,201.07,50
5,2025-08-12,47,15.3,293
6,2025-08-12,17,80.16,154
7,2025-08-12,27,40.47,223
8,2025-08-12,38,25.14,282
9,2025-08-12,18,58.87,96
10,2025-08-12,11,123.63,70
1,2025-08-13,29,28.72,229
2,2025-08-13,21,48.9,152
3,2025-08-13,50,10.25,386
4,2025-08-13,6,190.64,63
5,2025-08-13,49,15.09,267
6,2025-08-13,15,83.54,127
7,2025-08-13,22,39.58,231
8,2025-08-13,34,26.17,204
9,2025-08-13,19,61.44,164
10,2025-08-13,11,121.04,75
1,2025-08-14,20,29.36,213
2,2025-08-14,13,47.96,176
3,2025-08-14,50,10.14,287
4,2025-08-14,11,200.32,129
5,2025-08-14,30,14.75,246
6,2025-08-14,12,82.84,134
7,2025-08-14,31,39.54,175
8,2025-08-14,32,24.12,252
9,2025-08-14,11,57.85,131
10,2025-08-14,6,123.37,75
1,2025-08-15,32,31.29,254
2,2025-08-15,20,47.94,200
3,2025-08-15,46,9.96,354
4,2025-08-15,10,192.8,50
5,2025-08-15,38,15.53,316
6,2025-08-15,17,77.02,55
7,2025-08-15,31,39.48,116
8,2025-08-15,29,25.93,260
9,2025-08-15,14,61.44,114
10,2025-08-15,11,124.23,90
1,2025-08-16,31,28.71,251
2,2025-08-16,19,49.82,159
3,2025-08-16,50,9.58,307
4,2025-08-16,12,205.35,50
5,2025-08-16,37,15.73,338
6,2025-08-16,13,78.22,87
7,2025-08-16,28,40.55,231
8,2025-08-16,42,24.69,229
9,2025-08-16,15,59.83,173
10,2025-08-16,14,122.19,50
1,2025-08-17,27,28.7,219
2,2025-08-17,19,51.85,206
3,2025-08-17,43,10.32,372
4,2025-08-17,10,205.05,61
5,2025-08-17,36,14.95,326
6,2025-08-17,15,78.83,139
7,2025-08-17,24,41.12,194
8,2025-08-17,42,25.28,293
9,2025-08-17,24,61.45,108
10,2025-08-17,11,119.49,112
1,2025-08-18,30,31.4,214
2,2025-08-18,20,49.74,146
3,2025-08-18,50,10.46,414
4,2025-08-18,10,198.39,151
5,2025-08-18,43,14.76,294
6,2025-08-18,16,76.11,87
7,2025-08-18,34,40.0,167
8,2025-08-18,32,24.88,232
9,2025-08-18,15,60.13,158
10,2025-08-18,12,119.13,108
1,2025-08-19,23,29.63,190
2,2025-08-19,19,48.91,127
3,2025-08-19,50,10.48,293
4,2025-08-19,11,202.32,97
5,2025-08-19,28,15.63,346
6,2025-08-19,10,76.25,128
7,2025-08-19,22,39.81,214
8,2025-08-19,37,24.05,260
9,2025-08-19,20,61.91,106
10,2025-08-19,11,118.49,92
1,2025-08-20,26,29.28,267
2,2025-08-20,21,48.7,113
3,2025-08-20,45,9.64,369
4,2025-08-20,10,201.99,50
5,2025-08-20,50,14.6,229
6,2025-08-20,15,82.62,136
7,2025-08-20,23,40.53,168
8,2025-08-20,40,25.03,323
9,2025-08-20,21,60.02,155
10,2025-08-20,12,121.52,50
1,2025-08-21,17,29.1,223
2,2025-08-21,16,50.46,196
3,2025-08-21,41,9.57,303
4,2025-08-21,9,199.06,53
5,2025-08-21,37,15.59,346
6,2025-08-21,12,82.23,97
7,2025-08-21,26,39.09,128
8,2025-08-21,28,25.19,264
9,2025-08-21,13,57.63,153
10,2025-08-21,12,119.92,83
1,2025-08-22,31,29.96,223
2,2025-08-22,29,47.87,174
3,2025-08-22,41,10.4,352
4,2025-08-22,9,193.56,73
5,2025-08-22,39,15.7,268
6,2025-08-22,10,80.36,121
7,2025-08-22,25,38.76,150
8,2025-08-22,42,24.12,233
9,2025-08-22,19,58.96,155
10,2025-08-22,11,117.2,50
1,2025-08-23,33,30.14,222
2,2025-08-23,20,50.05,129
3,2025-08-23,48,10.18,332
4,2025-08-23,9,201.66,96
5,2025-08-23,36,15.67,364
6,2025-08-23,15,81.97,74
7,2025-08-23,21,39.71,168
8,2025-08-23,29,23.9,321
9,2025-08-23,21,60.51,145
10,2025-08-23,13,125.57,52
1,2025-08-24,32,29.46,203
2,2025-08-24,20,50.77,175
3,2025-08-24,47,9.81,383
4,2025-08-24,8,205.89,95
5,2025-08-24,34,15.14,303
6,2025-08-24,15,80.85,108
7,2025-08-24,26,41.56,189
8,2025-08-24,35,24.54,260
9,2025-08-24,18,62.93,101
10,2025-08-24,12,117.91,103
1,2025-08-25,25,30.42,196
2,2025-08-25,29,48.91,127
3,2025-08-25,33,10.41,434
4,2025-08-25,9,191.89,57
5,2025-08-25,40,15.37,294
6,2025-08-25,12,80.89,101
7,2025-08-25,24,41.38,142
8,2025-08-25,39,25.28,318
9,2025-08-25,18,57.62,140
10,2025-08-25,10,116.03,67
1,2025-08-26,33,31.2,168
2,2025-08-26,27,48.79,113
3,2025-08-26,50,9.57,414
4,2025-08-26,7,195.39,50
5,2025-08-26,46,14.43,296
6,2025-08-26,14,83.72,50
7,2025-08-26,23,40.1,199
8,2025-08-26,26,24.54,192
9,2025-08-26,17,58.77,171
10,2025-08-26,7,121.9,68
1,2025-08-27,29,31.4,258
2,2025-08-27,23,51.58,173
3,2025-08-27,50,10.08,360
4,2025-08-27,11,196.23,50
5,2025-08-27,45,15.61,360
6,2025-08-27,9,82.93,172
7,2025-08-27,26,39.1,192
8,2025-08-27,31,25.36,347
9,2025-08-27,21,58.43,78
10,2025-08-27,11,121.93,97
1,2025-08-28,28,28.74,294
2,2025-08-28,23,50.03,206
3,2025-08-28,46,10.14,346
4,2025-08-28,8,198.04,82
5,2025-08-28,33,14.89,299
6,2025-08-28,10,77.75,58
7,2025-08-28,29,38.25,220
8,2025-08-28,36,25.53,313
9,2025-08-28,21,62.27,168
10,2025-08-28,12,118.16,144
1,2025-08-29,22,28.77,200
2,2025-08-29,20,49.02,111
3,2025-08-29,47,9.56,409
4,2025-08-29,10,190.25,61
5,2025-08-29,39,14.64,360
6,2025-08-29,12,80.74,50
7,2025-08-29,21,38.98,198
8,2025-08-29,38,26.22,201
9,2025-08-29,15,57.87,145
10,2025-08-29,10,119.42,132
1,2025-08-30,33,29.95,224
2,2025-08-30,24,51.04,140
3,2025-08-30,49,10.39,283
4,2025-08-30,11,204.55,109
5,2025-08-30,50,15.23,328
6,2025-08-30,12,81.92,97
7,2025-08-30,21,38.77,218
8,2025-08-30,25,25.93,207
9,2025-08-30,20,62.74,109
10,2025-08-30,11,124.65,137
1,2025-08-31,15,29.42,296
2,2025-08-31,18,50.55,161
3,2025-08-31,27,10.28,406
4,2025-08-31,11,203.7,63
5,2025-08-31,50,15.18,347
6,2025-08-31,13,82.39,143
7,2025-08-31,29,40.36,223
8,2025-08-31,33,25.39,329
9,2025-08-31,17,58.69,148
10,2025-08-31,10,115.85,54
1,2025-09-01,22,29.08,323
2,2025-09-01,19,49.86,177
3,2025-09-01,43,9.91,277
4,2025-09-01,8,196.03,89
5,2025-09-01,24,14.72,305
6,2025-09-01,11,77.08,89
7,2025-09-01,21,40.26,206
8,2025-09-01,23,25.93,271
9,2025-09-01,16,58.87,145
10,2025-09-01,9,119.12,60
1,2025-09-02,23,30.17,209
2,2025-09-02,12,50.57,197
3,2025-09-02,39,9.62,393
4,2025-09-02,6,205.1,65
5,2025-09-02,33,15.45,294
6,2025-09-02,11,76.43,104
7,2025-09-02,19,38.38,187
8,2025-09-02,24,23.89,268
9,2025-09-02,12,57.31,102
10,2025-09-02,11,119.93,134
1,2025-09-03,20,29.39,185
2,2025-09-03,18,49.91,155
3,2025-09-03,39,10.09,391
4,2025-09-03,8,199.46,78
5,2025-09-03,32,14.42,328
6,2025-09-03,16,82.72,96
7,2025-09-03,24,41.43,150
8,2025-09-03,21,24.2,283
9,2025-09-03,13,61.44,120
10,2025-09-03,8,122.0,88
1,2025-09-04,17,29.66,228
2,2025-09-04,20,49.61,198
3,2025-09-04,29,9.5,393
4,2025-09-04,5,202.39,50
5,2025-09-04,49,14.94,237
6,2025-09-04,10,78.85,186
7,2025-09-04,17,40.81,206
8,2025-09-04,37,24.62,263
9,2025-09-04,12,61.71,184
10,2025-09-04,9,118.72,58
1,2025-09-05,21,29.91,199
2,2025-09-05,10,51.37,138
3,2025-09-05,43,10.44,390
4,2025-09-05,6,190.89,50
5,2025-09-05,35,14.4,296
6,2025-09-05,7,83.84,116
7,2025-09-05,21,41.59,191
8,2025-09-05,37,24.79,264
9,2025-09-05,13,62.07,139
10,2025-09-05,9,124.08,50
1,2025-09-06,21,29.62,250
2,2025-09-06,15,48.75,158
3,2025-09-06,37,9.65,359
4,2025-09-06,8,201.63,51
5,2025-09-06,31,15.45,277
6,2025-09-06,10,80.36,142
7,2025-09-06,24,41.63,234
8,2025-09-06,17,25.17,285
9,2025-09-06,12,60.34,180
10,2025-09-06,11,118.5,111
1,2025-09-07,32,29.38,267
2,2025-09-07,18,49.14,212
3,2025-09-07,50,9.74,305
4,2025-09-07,10,209.35,104
5,2025-09-07,21,15.64,302
6,2025-09-07,11,81.57,124
7,2025-09-07,11,39.04,232
8,2025-09-07,26,24.58,280
9,2025-09-07,17,61.39,147
10,2025-09-07,7,116.82,50
1,2025-09-08,34,30.6,177
2,2025-09-08,27,52.24,166
3,2025-09-08,36,10.04,324
4,2025-09-08,7,190.7,81
5,2025-09-08,29,14.7,275
6,2025-09-08,12,76.43,100
7,2025-09-08,23,41.43,154
8,2025-09-08,28,23.87,220
9,2025-09-08,13,59.55,117
10,2025-09-08,5,125.78,121
1,2025-09-09,26,28.66,268
2,2025-09-09,15,51.23,142
3,2025-09-09,41,10.48,361
4,2025-09-09,7,191.52,50
5,2025-09-09,34,14.76,314
6,2025-09-09,11,80.84,134
7,2025-09-09,22,38.99,205
8,2025-09-09,19,24.63,267
9,2025-09-09,15,62.64,173
10,2025-09-09,8,120.31,138
1,2025-09-10,22,28.65,177
2,2025-09-10,16,48.89,133
3,2025-09-10,50,9.72,388
4,2025-09-10,8,206.32,106
5,2025-09-10,44,15.21,304
6,2025-09-10,13,76.26,136
7,2025-09-10,15,38.33,249
8,2025-09-10,23,25.9,260
9,2025-09-10,16,58.1,142
10,2025-09-10,11,120.49,101
1,2025-09-11,30,31.17,201
2,2025-09-11,22,50.44,116
3,2025-09-11,30,9.92,422
4,2025-09-11,7,191.13,50
5,2025-09-11,25,15.26,339
6,2025-09-11,14,80.57,92
7,2025-09-11,18,39.52,191
8,2025-09-11,31,23.78,243
9,2025-09-11,15,58.49,130
10,2025-09-11,8,121.38,120
1,2025-09-12,19,30.92,182
2,2025-09-12,20,49.1,197
3,2025-09-12,42,9.93,391
4,2025-09-12,9,206.88,69
5,2025-09-12,49,14.65,316
6,2025-09-12,11,77.43,114
7,2025-09-12,19,38.5,256
8,2025-09-12,33,23.86,326
9,2025-09-12,18,62.15,140
10,2025-09-12,12,114.72,95
1,2025-09-13,23,30.52,234
2,2025-09-13,13,50.49,209
3,2025-09-13,46,10.0,394
4,2025-09-13,7,206.44,100
5,2025-09-13,24,14.45,287
6,2025-09-13,12,79.26,78
7,2025-09-13,9,40.48,232
8,2025-09-13,42,26.02,317
9,2025-09-13,10,60.05,100
10,2025-09-13,6,118.12,95
1,2025-09-14,24,30.67,225
2,2025-09-14,18,47.88,146
3,2025-09-14,39,10.06,393
4,2025-09-14,5,206.94,99
5,2025-09-14,41,15.03,324
6,2025-09-14,10,78.33,172
7,2025-09-14,21,39.44,252
8,2025-09-14,28,24.34,244
9,2025-09-14,16,59.1,114
10,2025-09-14,12,121.25,67
1,2025-09-15,18,30.97,265
2,2025-09-15,11,49.53,155
3,2025-09-15,42,9.78,391
4,2025-09-15,9,209.65,85
5,2025-09-15,25,15.59,268
6,2025-09-15,12,78.1,108
7,2025-09-15,27,38.5,197
8,2025-09-15,20,26.21,314
9,2025-09-15,18,62.42,88
10,2025-09-15,7,122.53,121
1,2025-09-16,32,30.26,172
2,2025-09-16,18,51.18,167
3,2025-09-16,30,9.94,359
4,2025-09-16,7,192.68,111
5,2025-09-16,35,15.64,278
6,2025-09-16,14,78.95,77
7,2025-09-16,17,40.02,223
8,2025-09-16,31,24.48,274
9,2025-09-16,8,60.47,111
10,2025-09-16,8,117.81,109
1,2025-09-17,29,30.69,236
2,2025-09-17,18,50.37,193
3,2025-09-17,43,9.61,391
4,2025-09-17,4,195.76,96
5,2025-09-17,45,15.63,287
6,2025-09-17,12,82.7,117
7,2025-09-17,30,41.83,199
8,2025-09-17,28,25.82,295
9,2025-09-17,16,60.42,195
10,2025-09-17,5,117.53,91
1,2025-09-18,21,29.82,176
2,2025-09-18,16,52.45,216
3,2025-09-18,43,9.57,350
4,2025-09-18,7,200.13,50
5,2025-09-18,27,15.41,285
6,2025-09-18,9,79.46,166
7,2025-09-18,22,41.36,165
8,2025-09-18,29,25.33,294
9,2025-09-18,16,62.65,151
10,2025-09-18,9,123.76,104
1,2025-09-19,23,31.12,226
2,2025-09-19,20,47.51,138
3,2025-09-19,33,9.67,365
4,2025-09-19,7,201.67,101
5,2025-09-19,23,14.51,341
6,2025-09-19,11,79.87,127
7,2025-09-19,17,39.91,234
8,2025-09-19,38,25.63,319
9,2025-09-19,16,60.96,141
10,2025-09-19,7,115.35,96
1,2025-09-20,21,29.94,167
2,2025-09-20,13,48.66,175
3,2025-09-20,21,10.27,395
4,2025-09-20,7,196.34,51
5,2025-09-20,26,15.61,347
6,2025-09-20,11,82.54,86
7,2025-09-20,16,38.66,234
8,2025-09-20,18,25.27,237
9,2025-09-20,13,61.32,126
10,2025-09-20,12,124.94,107
1,2025-09-21,16,30.05,224
2,2025-09-21,17,50.17,167
3,2025-09-21,40,10.4,427
4,2025-09-21,8,208.79,127
5,2025-09-21,49,14.39,320
6,2025-09-21,10,78.4,117
7,2025-09-21,21,39.08,192
8,2025-09-21,30,24.07,213
9,2025-09-21,14,57.43,142
10,2025-09-21,9,114.17,55
1,2025-09-22,21,30.7,206
2,2025-09-22,18,49.05,207
3,2025-09-22,36,9.76,385
4,2025-09-22,7,199.42,119
5,2025-09-22,48,15.08,347
6,2025-09-22,13,77.95,99
7,2025-09-22,16,39.48,203
8,2025-09-22,31,26.18,289
9,2025-09-22,14,60.37,161
10,2025-09-22,7,125.7,146
1,2025-09-23,28,29.96,289
2,2025-09-23,20,49.86,184
3,2025-09-23,32,10.26,375
4,2025-09-23,7,193.0,101
5,2025-09-23,26,14.25,302
6,2025-09-23,11,80.35,60
7,2025-09-23,18,40.83,180
8,2025-09-23,40,23.94,218
9,2025-09-23,13,61.53,118
10,2025-09-23,9,119.24,64
1,2025-09-24,28,29.0,213
2,2025-09-24,11,50.23,176
3,2025-09-24,35,9.78,366
4,2025-09-24,6,202.29,50
5,2025-09-24,31,15.02,324
6,2025-09-24,8,80.15,84
7,2025-09-24,10,41.7,222
8,2025-09-24,30,25.05,238
9,2025-09-24,17,57.89,149
10,2025-09-24,11,116.24,81
1,2025-09-25,19,28.67,226
2,2025-09-25,18,50.29,195
3,2025-09-25,25,9.76,309
4,2025-09-25,9,196.11,50
5,2025-09-25,28,15.05,327
6,2025-09-25,12,81.84,122
7,2025-09-25,20,41.18,210
8,2025-09-25,29,25.67,239
9,2025-09-25,13,62.22,186
10,2025-09-25,8,123.39,88
1,2025-09-26,31,28.93,269
2,2025-09-26,19,51.97,160
3,2025-09-26,29,10.15,379
4,2025-09-26,6,201.19,75
5,2025-09-26,27,14.71,344
6,2025-09-26,6,82.73,97
7,2025-09-26,28,40.84,153
8,2025-09-26,22,25.71,257
9,2025-09-26,11,59.08,138
10,2025-09-26,8,122.03,114
1,2025-09-27,25,31.48,241
2,2025-09-27,15,51.23,192
3,2025-09-27,28,9.5,396
4,2025-09-27,8,195.07,82
5,2025-09-27,31,14.65,316
6,2025-09-27,14,78.01,115
7,2025-09-27,28,41.44,158
8,2025-09-27,37,24.97,264
9,2025-09-27,17,61.83,113
10,2025-09-27,13,115.83,92
1,2025-09-28,25,29.75,196
2,2025-09-28,21,47.8,190
3,2025-09-28,15,9.68,358
4,2025-09-28,10,206.95,79
5,2025-09-28,29,15.12,232
6,2025-09-28,5,79.22,104
7,2025-09-28,20,41.29,190
8,2025-09-28,28,24.85,272
9,2025-09-28,15,58.03,161
10,2025-09-28,9,117.28,91
1,2025-09-29,20,30.58,260
2,2025-09-29,15,47.94,162
3,2025-09-29,42,10.46,372
4,2025-09-29,7,197.48,58
5,2025-09-29,32,15.5,286
6,2025-09-29,12,82.04,105
7,2025-09-29,27,38.7,228
8,2025-09-29,26,24.21,274
9,2025-09-29,15,61.18,165
10,2025-09-29,6,118.18,95
1,2025-09-30,17,30.98,262
2,2025-09-30,18,50.18,147
3,2025-09-30,35,10.3,318
4,2025-09-30,8,200.07,111
5,2025-09-30,34,15.4,320
6,2025-09-30,10,76.91,108
7,2025-09-30,21,40.34,220
8,2025-09-30,22,23.83,297
9,2025-09-30,10,57.04,98
10,2025-09-30,8,115.19,123
1,2025-10-01,21,29.05,281
2,2025-10-01,18,50.37,134
3,2025-10-01,25,9.74,415
4,2025-10-01,6,195.99,107
5,2025-10-01,41,15.59,273
6,2025-10-01,7,83.62,139
7,2025-10-01,26,41.68,180
8,2025-10-01,42,24.24,203
9,2025-10-01,14,58.99,108
10,2025-10-01,11,123.18,78
1,2025-10-02,20,28.49,249
2,2025-10-02,19,47.89,154
3,2025-10-02,39,9.73,359
4,2025-10-02,8,199.54,51
5,2025-10-02,22,15.29,318
6,2025-10-02,9,81.64,57
7,2025-10-02,22,41.04,223
8,2025-10-02,30,25.79,193
9,2025-10-02,11,57.42,153
10,2025-10-02,9,116.65,50
1,2025-10-03,24,29.51,182
2,2025-10-03,12,52.06,132
3,2025-10-03,41,9.7,379
4,2025-10-03,6,198.5,113
5,2025-10-03,23,14.29,342
6,2025-10-03,10,81.45,112
7,2025-10-03,19,40.73,219
8,2025-10-03,35,23.77,236
9,2025-10-03,11,59.72,126
10,2025-10-03,11,123.25,86
1,2025-10-04,23,30.3,256
2,2025-10-04,13,49.86,180
3,2025-10-04,30,10.28,335
4,2025-10-04,6,203.48,73
5,2025-10-04,24,15.13,400
6,2025-10-04,12,79.63,74
7,2025-10-04,20,39.95,220
8,2025-10-04,35,24.37,247
9,2025-10-04,12,60.25,199
10,2025-10-04,9,117.89,93
1,2025-10-05,19,28.6,206
2,2025-10-05,17,47.96,168
3,2025-10-05,32,9.76,314
4,2025-10-05,7,206.5,50
5,2025-10-05,32,14.93,309
6,2025-10-05,10,83.8,120
7,2025-10-05,24,41.91,197
8,2025-10-05,37,24.8,277
9,2025-10-05,16,60.91,114
10,2025-10-05,10,115.39,69
1,2025-10-06,23,30.03,236
2,2025-10-06,17,49.36,217
3,2025-10-06,38,10.24,308
4,2025-10-06,7,202.08,112
5,2025-10-06,30,14.85,327
6,2025-10-06,10,78.13,117
7,2025-10-06,24,38.88,216
8,2025-10-06,27,24.46,271
9,2025-10-06,16,60.8,104
10,2025-10-06,5,114.14,141
1,2025-10-07,20,29.88,247
2,2025-10-07,18,50.85,215
3,2025-10-07,50,10.46,348
4,2025-10-07,6,194.14,58
5,2025-10-07,29,14.71,329
6,2025-10-07,14,77.32,118
7,2025-10-07,7,38.08,248
8,2025-10-07,21,24.33,249
9,2025-10-07,17,62.09,177
10,2025-10-07,10,120.84,188
1,2025-10-08,28,30.69,271
2,2025-10-08,12,49.58,193
3,2025-10-08,34,9.6,365
4,2025-10-08,10,196.35,57
5,2025-10-08,22,14.98,367
6,2025-10-08,12,83.38,86
7,2025-10-08,19,39.33,238
8,2025-10-08,34,24.7,313
9,2025-10-08,17,60.81,124
10,2025-10-08,11,125.98,118
1,2025-10-09,22,29.47,168
2,2025-10-09,13,47.95,156
3,2025-10-09,37,10.14,297
4,2025-10-09,9,193.22,50
5,2025-10-09,36,15.65,270
6,2025-10-09,10,83.15,138
7,2025-10-09,17,40.4,192
8,2025-10-09,33,24.99,215
9,2025-10-09,12,62.51,130
10,2025-10-09,4,114.07,118
1,2025-10-10,19,31.48,163
2,2025-10-10,20,48.79,165
3,2025-10-10,48,10.14,384
4,2025-10-10,9,204.51,80
5,2025-10-10,22,15.39,368
6,2025-10-10,10,81.19,76
7,2025-10-10,22,39.04,195
8,2025-10-10,28,24.16,262
9,2025-10-10,10,61.76,202
10,2025-10-10,11,114.88,105
1,2025-10-11,20,29.27,240
2,2025-10-11,11,50.99,185
3,2025-10-11,26,9.64,357
4,2025-10-11,7,197.24,104
5,2025-10-11,37,15.19,309
6,2025-10-11,9,81.94,117
7,2025-10-11,23,39.53,210
8,2025-10-11,32,24.5,266
9,2025-10-11,14,61.46,170
10,2025-10-11,7,116.04,119
1,2025-10-12,29,29.43,277
2,2025-10-12,19,48.34,135
3,2025-10-12,45,9.5,372
4,2025-10-12,6,194.48,98
5,2025-10-12,35,15.21,273
6,2025-10-12,6,83.24,126
7,2025-10-12,25,40.09,165
8,2025-10-12,31,24.74,336
9,2025-10-12,13,60.31,146
10,2025-10-12,9,125.63,50
1,2025-10-13,20,29.26,211
2,2025-10-13,15,48.72,119
3,2025-10-13,35,10.1,364
4,2025-10-13,8,206.6,89
5,2025-10-13,40,14.33,311
6,2025-10-13,8,79.7,91
7,2025-10-13,21,40.53,186
8,2025-10-13,30,24.23,276
9,2025-10-13,15,60.41,166
10,2025-10-13,10,124.63,73
1,2025-10-14,26,30.33,278
2,2025-10-14,23,50.5,158
3,2025-10-14,42,10.0,352
4,2025-10-14,6,194.97,134
5,2025-10-14,27,14.9,288
6,2025-10-14,14,78.54,81
7,2025-10-14,18,38.25,208
8,2025-10-14,24,24.85,334
9,2025-10-14,12,61.66,127
10,2025-10-14,10,117.83,124
1,2025-10-15,27,30.32,235
2,2025-10-15,18,51.32,166
3,2025-10-15,44,9.65,283
4,2025-10-15,9,205.76,60
5,2025-10-15,31,14.95,366
6,2025-10-15,11,78.66,128
7,2025-10-15,20,39.69,172
8,2025-10-15,19,24.75,289
9,2025-10-15,11,62.84,177
10,2025-10-15,12,116.49,88
1,2025-10-16,22,29.46,243
2,2025-10-16,15,48.49,208
3,2025-10-16,22,9.6,388
4,2025-10-16,6,204.42,105
5,2025-10-16,35,15.23,300
6,2025-10-16,13,78.23,86
7,2025-10-16,19,40.55,219
8,2025-10-16,19,24.02,344
9,2025-10-16,14,61.64,112
10,2025-10-16,10,117.58,110
1,2025-10-17,27,30.21,220
2,2025-10-17,16,48.95,216
3,2025-10-17,38,10.28,334
4,2025-10-17,6,208.09,129
5,2025-10-17,36,14.94,304
6,2025-10-17,9,81.62,155
7,2025-10-17,21,38.47,196
8,2025-10-17,23,23.86,296
9,2025-10-17,17,57.09,117
10,2025-10-17,11,123.57,90
1,2025-10-18,17,30.39,227
2,2025-10-18,8,51.39,139
3,2025-10-18,43,9.58,265
4,2025-10-18,3,205.03,50
5,2025-10-18,28,14.92,311
6,2025-10-18,11,76.57,62
7,2025-10-18,18,40.76,222
8,2025-10-18,27,25.18,302
9,2025-10-18,14,58.34,133
10,2025-10-18,9,122.08,116
1,2025-10-19,16,30.8,243
2,2025-10-19,12,51.83,225
3,2025-10-19,39,9.67,377
4,2025-10-19,5,205.58,50
5,2025-10-19,39,14.71,325
6,2025-10-19,12,79.38,138
7,2025-10-19,23,39.41,205
8,2025-10-19,34,25.83,255
9,2025-10-19,9,61.43,161
10,2025-10-19,7,116.46,104
1,2025-10-20,24,29.02,194
2,2025-10-20,17,51.27,160
3,2025-10-20,27,10.24,385
4,2025-10-20,9,205.99,155
5,2025-10-20,33,14.93,364
6,2025-10-20,12,82.85,83
7,2025-10-20,29,39.73,151
8,2025-10-20,21,23.95,387
9,2025-10-20,11,62.7,165
10,2025-10-20,8,115.68,75
1,2025-10-21,21,28.96,214
2,2025-10-21,17,51.5,140
3,2025-10-21,34,9.9,365
4,2025-10-21,9,209.3,129
5,2025-10-21,35,15.56,325
6,2025-10-21,13,78.44,133
7,2025-10-21,24,39.27,170
8,2025-10-21,22,23.83,316
9,2025-10-21,15,59.25,128
10,2025-10-21,8,114.17,83
1,2025-10-22,36,28.83,264
2,2025-10-22,24,50.17,167
3,2025-10-22,29,9.8,347
4,2025-10-22,8,203.12,65
5,2025-10-22,25,14.96,281
6,2025-10-22,12,77.74,101
7,2025-10-22,24,38.32,208
8,2025-10-22,18,24.0,327
9,2025-10-22,16,58.96,159
10,2025-10-22,8,120.92,54
1,2025-10-23,24,29.76,203
2,2025-10-23,10,47.66,128
3,2025-10-23,36,9.69,393
4,2025-10-23,7,205.89,84
5,2025-10-23,29,14.97,366
6,2025-10-23,8,80.61,73
7,2025-10-23,22,40.17,255
8,2025-10-23,27,26.05,332
9,2025-10-23,16,61.83,120
10,2025-10-23,6,122.01,82
1,2025-10-24,22,29.59,220
2,2025-10-24,19,48.63,159
3,2025-10-24,46,9.79,344
4,2025-10-24,7,209.68,109
5,2025-10-24,39,14.84,250
6,2025-10-24,13,82.71,114
7,2025-10-24,28,39.41,192
8,2025-10-24,35,25.05,292
9,2025-10-24,13,62.67,153
10,2025-10-24,9,115.98,98
1,2025-10-25,17,30.74,205
2,2025-10-25,22,51.78,153
3,2025-10-25,50,9.79,291
4,2025-10-25,11,199.35,66
5,2025-10-25,34,14.62,312
6,2025-10-25,9,80.89,165
7,2025-10-25,25,38.57,190
8,2025-10-25,30,26.12,231
9,2025-10-25,15,59.34,102
10,2025-10-25,10,125.55,85
1,2025-10-26,26,30.71,191
2,2025-10-26,19,50.85,178
3,2025-10-26,42,9.8,393
4,2025-10-26,6,203.2,52
5,2025-10-26,42,14.92,379
6,2025-10-26,16,78.72,103
7,2025-10-26,25,41.55,212
8,2025-10-26,21,25.93,279
9,2025-10-26,15,58.34,98
10,2025-10-26,12,121.18,91
1,2025-10-27,29,31.0,162
2,2025-10-27,12,51.82,194
3,2025-10-27,37,9.74,339
4,2025-10-27,5,209.65,107
5,2025-10-27,44,14.6,339
6,2025-10-27,8,76.82,83
7,2025-10-27,19,41.34,168
8,2025-10-27,15,24.7,273
9,2025-10-27,10,62.71,110
10,2025-10-27,12,118.32,118
1,2025-10-28,28,29.67,191
2,2025-10-28,13,51.75,209
3,2025-10-28,20,10.3,364
4,2025-10-28,8,190.5,50
5,2025-10-28,50,14.39,268
6,2025-10-28,12,82.79,68
7,2025-10-28,23,41.88,183
8,2025-10-28,27,24.89,250
9,2025-10-28,14,58.25,182
10,2025-10-28,8,118.81,87
1,2025-10-29,28,31.06,178
2,2025-10-29,13,51.67,142
3,2025-10-29,40,10.21,336
4,2025-10-29,7,193.71,107
5,2025-10-29,33,14.77,343
6,2025-10-29,14,83.66,80
7,2025-10-29,25,41.62,210
8,2025-10-29,19,25.09,266
9,2025-10-29,13,57.53,116
10,2025-10-29,11,117.15,63
1,2025-10-30,19,31.25,240
2,2025-10-30,23,51.93,151
3,2025-10-30,36,10.49,363
4,2025-10-30,9,203.34,85
5,2025-10-30,21,15.71,341
6,2025-10-30,12,77.72,162
7,2025-10-30,21,40.44,191
8,2025-10-30,22,25.16,301
9,2025-10-30,16,60.75,89
10,2025-10-30,13,122.47,68
1,2025-10-31,25,29.6,182
2,2025-10-31,20,49.28,131
3,2025-10-31,49,10.48,420
4,2025-10-31,7,209.61,66
5,2025-10-31,26,14.71,307
6,2025-10-31,8,81.73,80
7,2025-10-31,9,39.85,181
8,2025-10-31,37,24.98,281
9,2025-10-31,16,60.35,127
10,2025-10-31,11,124.4,106
1,2025-11-01,36,30.65,198
2,2025-11-01,32,51.06,133
3,2025-11-01,50,10.48,310
4,2025-11-01,10,203.48,85
5,2025-11-01,39,15.66,312
6,2025-11-01,14,78.51,108
7,2025-11-01,27,39.42,183
8,2025-11-01,50,25.06,221
9,2025-11-01,22,60.6,94
10,2025-11-01,15,121.78,103
1,2025-11-02,38,31.33,215
2,2025-11-02,30,49.53,129
3,2025-11-02,50,9.59,386
4,2025-11-02,10,199.98,50
5,2025-11-02,47,15.72,303
6,2025-11-02,15,80.18,162
7,2025-11-02,22,38.23,151
8,2025-11-02,50,25.06,367
9,2025-11-02,21,62.42,131
10,2025-11-02,17,116.25,50
1,2025-11-03,38,29.53,203
2,2025-11-03,30,50.36,105
3,2025-11-03,50,9.67,326
4,2025-11-03,11,190.77,62
5,2025-11-03,50,15.45,300
6,2025-11-03,17,77.43,129
7,2025-11-03,36,40.4,128
8,2025-11-03,50,26.06,211
9,2025-11-03,19,57.69,150
10,2025-11-03,13,116.86,103
1,2025-11-04,38,29.57,209
2,2025-11-04,32,52.04,108
3,2025-11-04,50,10.01,322
4,2025-11-04,10,201.49,103
5,2025-11-04,44,14.54,345
6,2025-11-04,16,83.54,113
7,2025-11-04,30,38.09,218
8,2025-11-04,36,24.5,213
9,2025-11-04,22,61.18,75
10,2025-11-04,19,117.68,96
1,2025-11-05,41,30.41,167
2,2025-11-05,25,49.0,169
3,2025-11-05,50,10.32,310
4,2025-11-05,11,193.56,50
5,2025-11-05,45,14.39,202
6,2025-11-05,20,76.57,82
7,2025-11-05,33,38.05,201
8,2025-11-05,46,26.05,344
9,2025-11-05,22,61.98,161
10,2025-11-05,18,118.45,65
1,2025-11-06,38,29.23,204
2,2025-11-06,28,50.34,110
3,2025-11-06,50,10.37,312
4,2025-11-06,11,198.31,116
5,2025-11-06,47,15.46,368
6,2025-11-06,14,79.15,76
7,2025-11-06,25,38.88,202
8,2025-11-06,50,24.96,324
9,2025-11-06,18,58.53,189
10,2025-11-06,16,120.43,78
1,2025-11-07,33,28.85,189
2,2025-11-07,32,50.26,100
3,2025-11-07,50,9.96,460
4,2025-11-07,11,193.68,120
5,2025-11-07,50,15.16,286
6,2025-11-07,19,76.32,116
7,2025-11-07,31,38.83,181
8,2025-11-07,29,24.59,214
9,2025-11-07,23,58.19,107
10,2025-11-07,13,117.49,109
1,2025-11-08,36,30.46,237
2,2025-11-08,26,48.72,144
3,2025-11-08,50,10.45,389
4,2025-11-08,10,200.68,50
5,2025-11-08,50,14.8,397
6,2025-11-08,18,79.04,113
7,2025-11-08,34,38.47,157
8,2025-11-08,37,23.93,224
9,2025-11-08,27,60.86,97
10,2025-11-08,12,122.97,62
1,2025-11-09,31,31.45,204
2,2025-11-09,27,50.17,152
3,2025-11-09,50,9.66,337
4,2025-11-09,14,197.35,79
5,2025-11-09,50,14.93,263
6,2025-11-09,15,79.21,89
7,2025-11-09,24,39.67,257
8,2025-11-09,41,24.71,238
9,2025-11-09,19,61.33,169
10,2025-11-09,14,116.33,95
1,2025-11-10,31,31.19,181
2,2025-11-10,25,50.71,139
3,2025-11-10,50,10.14,381
4,2025-11-10,12,202.46,50
5,2025-11-10,50,14.48,349
6,2025-11-10,15,79.53,97
7,2025-11-10,25,39.08,212
8,2025-11-10,38,24.74,234
9,2025-11-10,22,59.8,141
10,2025-11-10,17,117.78,119
1,2025-11-11,28,31.12,181
2,2025-11-11,25,47.53,124
3,2025-11-11,50,9.8,329
4,2025-11-11,11,194.25,78
5,2025-11-11,38,15.12,337
6,2025-11-11,13,78.31,125
7,2025-11-11,21,38.6,178
8,2025-11-11,33,24.14,255
9,2025-11-11,12,61.13,145
10,2025-11-11,16,115.75,79
1,2025-11-12,34,29.63,208
2,2025-11-12,25,50.93,145
3,2025-11-12,50,9.67,294
4,2025-11-12,14,201.33,50
5,2025-11-12,50,14.34,332
6,2025-11-12,15,77.19,119
7,2025-11-12,32,41.84,156
8,2025-11-12,37,23.95,185
9,2025-11-12,20,62.34,128
10,2025-11-12,15,116.29,143
1,2025-11-13,23,29.96,200
2,2025-11-13,27,49.02,163
3,2025-11-13,50,10.24,328
4,2025-11-13,10,201.02,81
5,2025-11-13,50,15.34,343
6,2025-11-13,12,79.03,164
7,2025-11-13,26,39.33,138
8,2025-11-13,47,24.76,226
9,2025-11-13,25,60.3,109
10,2025-11-13,13,125.01,163
1,2025-11-14,31,30.02,220
2,2025-11-14,26,48.03,126
3,2025-11-14,50,10.29,335
4,2025-11-14,11,190.26,59
5,2025-11-14,50,14.47,257
6,2025-11-14,18,82.98,67
7,2025-11-14,31,40.81,217
8,2025-11-14,40,23.97,211
9,2025-11-14,25,58.39,149
10,2025-11-14,15,120.34,98
1,2025-11-15,38,30.31,320
2,2025-11-15,23,51.81,221
3,2025-11-15,50,9.67,384
4,2025-11-15,12,209.44,93
5,2025-11-15,46,14.52,309
6,2025-11-15,17,81.07,99
7,2025-11-15,25,39.13,177
8,2025-11-15,44,25.07,199
9,2025-11-15,22,61.52,143
10,2025-11-15,15,122.78,92
1,2025-11-16,34,30.78,190
2,2025-11-16,30,47.93,148
3,2025-11-16,50,10.17,318
4,2025-11-16,11,206.78,80
5,2025-11-16,46,14.99,245
6,2025-11-16,12,77.51,209
7,2025-11-16,33,39.85,197
8,2025-11-16,50,26.17,227
9,2025-11-16,22,57.84,97
10,2025-11-16,13,115.66,95
1,2025-11-17,40,29.69,246
2,2025-11-17,25,48.35,108
3,2025-11-17,50,9.88,398
4,2025-11-17,10,197.83,79
5,2025-11-17,50,14.58,291
6,2025-11-17,15,83.57,84
7,2025-11-17,30,41.84,213
8,2025-11-17,36,24.46,314
9,2025-11-17,25,59.49,131
10,2025-11-17,12,121.56,100
1,2025-11-18,30,28.88,240
2,2025-11-18,22,51.81,110
3,2025-11-18,50,9.94,356
4,2025-11-18,10,194.66,88
5,2025-11-18,40,15.7,349
6,2025-11-18,12,78.64,102
7,2025-11-18,31,40.52,178
8,2025-11-18,40,24.33,274
9,2025-11-18,16,57.11,136
10,2025-11-18,15,121.47,126
1,2025-11-19,26,31.16,203
2,2025-11-19,23,51.38,176
3,2025-11-19,50,10.34,411
4,2025-11-19,10,196.53,106
5,2025-11-19,42,14.65,325
6,2025-11-19,19,80.28,85
7,2025-11-19,22,40.38,155
8,2025-11-19,38,24.23,191
9,2025-11-19,18,59.53,172
10,2025-11-19,14,115.72,101
1,2025-11-20,27,28.73,183
2,2025-11-20,25,50.62,143
3,2025-11-20,41,9.6,349
4,2025-11-20,10,199.06,123
5,2025-11-20,50,14.43,318
6,2025-11-20,13,78.51,92
7,2025-11-20,22,40.58,189
8,2025-11-20,33,23.83,332
9,2025-11-20,16,62.29,133
10,2025-11-20,12,114.76,83
1,2025-11-21,35,31.31,263
2,2025-11-21,23,49.18,81
3,2025-11-21,50,10.04,313
4,2025-11-21,9,193.09,50
5,2025-11-21,48,14.41,232
6,2025-11-21,15,81.15,126
7,2025-11-21,36,38.89,235
8,2025-11-21,39,24.12,254
9,2025-11-21,16,61.53,128
10,2025-11-21,16,119.9,85
1,2025-11-22,30,28.61,179
2,2025-11-22,24,47.53,185
3,2025-11-22,44,10.39,371
4,2025-11-22,10,208.29,102
5,2025-11-22,43,15.01,374
6,2025-11-22,16,78.67,149
7,2025-11-22,28,39.13,234
8,2025-11-22,31,25.02,248
9,2025-11-22,19,61.82,130
10,2025-11-22,13,120.83,66
1,2025-11-23,35,31.15,154
2,2025-11-23,22,50.62,163
3,2025-11-23,50,10.0,354
4,2025-11-23,10,196.67,89
5,2025-11-23,42,14.93,270
6,2025-11-23,15,79.83,50
7,2025-11-23,29,41.74,173
8,2025-11-23,38,23.82,297
9,2025-11-23,21,56.99,133
10,2025-11-23,12,115.16,50
1,2025-11-24,23,30.72,169
2,2025-11-24,21,48.98,221
3,2025-11-24,50,9.95,318
4,2025-11-24,13,192.4,57
5,2025-11-24,50,15.56,241
6,2025-11-24,15,81.79,120
7,2025-11-24,33,39.08,188
8,2025-11-24,36,25.47,280
9,2025-11-24,16,57.21,154
10,2025-11-24,11,114.15,84
1,2025-11-25,24,31.12,152
2,2025-11-25,22,48.83,131
3,2025-11-25,50,10.18,314
4,2025-11-25,10,201.25,62
5,2025-11-25,34,15.43,285
6,2025-11-25,15,76.7,84
7,2025-11-25,30,39.48,132
8,2025-11-25,36,24.54,216
9,2025-11-25,15,59.22,142
10,2025-11-25,12,122.06,62
1,2025-11-26,29,31.37,217
2,2025-11-26,22,52.11,168
3,2025-11-26,40,10.17,340
4,2025-11-26,8,209.64,133
5,2025-11-26,38,15.36,321
6,2025-11-26,9,82.33,69
7,2025-11-26,21,41.51,212
8,2025-11-26,30,25.18,275
9,2025-11-26,12,61.43,111
10,2025-11-26,13,117.9,50
1,2025-11-27,23,30.06,263
2,2025-11-27,23,49.53,173
3,2025-11-27,50,9.94,343
4,2025-11-27,10,190.0,53
5,2025-11-27,40,14.46,344
6,2025-11-27,16,79.24,87
7,2025-11-27,25,41.25,215
8,2025-11-27,40,24.2,240
9,2025-11-27,20,62.7,143
10,2025-11-27,11,122.36,117
1,2025-11-28,28,29.78,230
2,2025-11-28,17,47.7,169
3,2025-11-28,50,9.52,335
4,2025-11-28,10,200.77,56
5,2025-11-28,39,14.77,236
6,2025-11-28,14,76.3,107
7,2025-11-28,31,40.16,196
8,2025-11-28,35,26.05,222
9,2025-11-28,18,62.89,126
10,2025-11-28,11,124.25,144
1,2025-11-29,30,28.88,201
2,2025-11-29,23,49.71,88
3,2025-11-29,37,9.88,342
4,2025-11-29,9,201.7,60
5,2025-11-29,28,14.68,344
6,2025-11-29,14,76.87,142
7,2025-11-29,28,39.94,202
8,2025-11-29,38,26.0,188
9,2025-11-29,20,59.03,128
10,2025-11-29,13,119.33,64
1,2025-11-30,32,28.91,195
2,2025-11-30,26,49.68,148
3,2025-11-30,48,10.02,328
4,2025-11-30,9,199.46,64
5,2025-11-30,36,14.34,320
6,2025-11-30,16,79.2,82
7,2025-11-30,34,38.47,175
8,2025-11-30,28,24.86,226
9,2025-11-30,16,57.39,141
10,2025-11-30,13,120.71,122
1,2025-12-01,32,30.59,262
2,2025-12-01,27,48.05,164
3,2025-12-01,48,10.37,384
4,2025-12-01,12,206.01,50
5,2025-12-01,35,14.39,328
6,2025-12-01,12,82.42,89
7,2025-12-01,30,41.43,241
8,2025-12-01,19,25.16,283
9,2025-12-01,18,59.16,84
10,2025-12-01,12,119.17,90
1,2025-12-02,30,30.5,188
2,2025-12-02,18,51.82,179
3,2025-12-02,50,10.28,341
4,2025-12-02,8,193.14,50
5,2025-12-02,39,14.89,398
6,2025-12-02,15,83.12,121
7,2025-12-02,24,39.56,175
8,2025-12-02,41,24.5,194
9,2025-12-02,17,62.68,155
10,2025-12-02,9,122.25,127
1,2025-12-03,36,30.47,190
2,2025-12-03,20,49.94,169
3,2025-12-03,37,9.74,376
4,2025-12-03,9,200.26,99
5,2025-12-03,50,15.09,279
6,2025-12-03,13,80.13,162
7,2025-12-03,26,40.63,212
8,2025-12-03,39,25.66,266
9,2025-12-03,17,60.25,113
10,2025-12-03,12,116.07,50
1,2025-12-04,35,29.11,164
2,2025-12-04,22,50.73,142
3,2025-12-04,48,9.76,380
4,2025-12-04,8,202.11,72
5,2025-12-04,50,15.72,338
6,2025-12-04,16,83.41,170
7,2025-12-04,32,39.1,181
8,2025-12-04,37,24.81,237
9,2025-12-04,15,59.31,127
10,2025-12-04,12,123.61,124
1,2025-12-05,32,30.14,213
2,2025-12-05,23,50.92,104
3,2025-12-05,50,9.5,342
4,2025-12-05,8,198.59,59
5,2025-12-05,35,14.64,285
6,2025-12-05,15,80.42,96
7,2025-12-05,28,41.29,262
8,2025-12-05,25,23.97,213
9,2025-12-05,20,59.91,143
10,2025-12-05,12,119.5,79
1,2025-12-06,31,28.81,254
2,2025-12-06,20,50.49,201
3,2025-12-06,49,9.57,344
4,2025-12-06,7,197.68,89
5,2025-12-06,35,14.65,314
6,2025-12-06,10,80.18,116
7,2025-12-06,20,41.34,196
8,2025-12-06,29,25.24,293
9,2025-12-06,14,58.23,178
10,2025-12-06,10,117.48,108
1,2025-12-07,25,28.56,184
2,2025-12-07,21,49.75,193
3,2025-12-07,42,9.87,376
4,2025-12-07,9,191.78,50
5,2025-12-07,43,15.74,337
6,2025-12-07,16,81.15,152
7,2025-12-07,29,41.91,145
8,2025-12-07,36,26.03,281
9,2025-12-07,17,57.47,109
10,2025-12-07,10,124.29,102
1,2025-12-08,33,29.42,205
2,2025-12-08,21,47.75,166
3,2025-12-08,50,10.43,310
4,2025-12-08,5,207.89,56
5,2025-12-08,43,15.31,326
6,2025-12-08,17,77.42,148
7,2025-12-08,19,40.88,226
8,2025-12-08,40,23.76,222
9,2025-12-08,18,57.11,96
10,2025-12-08,13,114.57,101
1,2025-12-09,36,30.99,253
2,2025-12-09,21,48.37,198
3,2025-12-09,48,10.24,436
4,2025-12-09,9,199.21,66
5,2025-12-09,38,15.05,292
6,2025-12-09,8,83.54,102
7,2025-12-09,20,40.99,160
8,2025-12-09,29,25.0,267
9,2025-12-09,18,60.59,117
10,2025-12-09,11,118.94,130
1,2025-12-10,26,29.09,268
2,2025-12-10,16,48.23,169
3,2025-12-10,50,10.14,321
4,2025-12-10,9,194.53,78
5,2025-12-10,34,14.94,292
6,2025-12-10,11,76.4,107
7,2025-12-10,34,39.17,176
8,2025-12-10,30,25.37,280
9,2025-12-10,15,60.07,119
10,2025-12-10,15,119.74,65
1,2025-12-11,33,28.99,248
2,2025-12-11,25,48.84,216
3,2025-12-11,49,9.51,396
4,2025-12-11,10,202.43,50
5,2025-12-11,50,14.43,318
6,2025-12-11,10,76.28,108
7,2025-12-11,25,38.26,133
8,2025-12-11,41,25.39,252
9,2025-12-11,17,57.84,95
10,2025-12-11,13,118.72,115
1,2025-12-12,25,29.07,292
2,2025-12-12,15,48.25,191
3,2025-12-12,47,9.49,460
4,2025-12-12,10,199.64,60
5,2025-12-12,22,15.63,345
6,2025-12-12,16,83.18,117
7,2025-12-12,34,41.81,195
8,2025-12-12,24,25.78,262
9,2025-12-12,16,61.0,92
10,2025-12-12,9,123.66,61
1,2025-12-13,30,29.79,289
2,2025-12-13,24,52.35,123
3,2025-12-13,50,10.29,387
4,2025-12-13,10,206.88,50
5,2025-12-13,49,14.47,331
6,2025-12-13,12,81.93,102
7,2025-12-13,25,38.64,206
8,2025-12-13,38,24.53,228
9,2025-12-13,12,57.91,160
10,2025-12-13,16,115.41,106
1,2025-12-14,34,31.36,185
2,2025-12-14,15,48.92,194
3,2025-12-14,50,9.82,378
4,2025-12-14,10,205.91,86
5,2025-12-14,34,14.38,276
6,2025-12-14,15,83.92,79
7,2025-12-14,27,41.92,215
8,2025-12-14,31,24.63,213
9,2025-12-14,24,58.97,164
10,2025-12-14,6,121.36,50
1,2025-12-15,31,29.66,206
2,2025-12-15,25,50.57,179
3,2025-12-15,50,9.56,318
4,2025-12-15,9,203.99,122
5,2025-12-15,33,14.29,265
6,2025-12-15,12,82.47,72
7,2025-12-15,22,40.81,201
8,2025-12-15,37,26.2,257
9,2025-12-15,17,57.88,164
10,2025-12-15,14,115.4,116
1,2025-12-16,27,28.71,214
2,2025-12-16,19,51.08,127
3,2025-12-16,50,10.43,375
4,2025-12-16,6,194.19,50
5,2025-12-16,46,14.53,347
6,2025-12-16,19,78.01,124
7,2025-12-16,20,39.58,192
8,2025-12-16,34,24.56,249
9,2025-12-16,15,62.48,146
10,2025-12-16,11,123.39,76
1,2025-12-17,25,31.45,260
2,2025-12-17,23,50.51,121
3,2025-12-17,50,9.91,296
4,2025-12-17,7,205.99,50
5,2025-12-17,50,15.48,300
6,2025-12-17,15,81.26,124
7,2025-12-17,21,41.55,177
8,2025-12-17,29,24.83,218
9,2025-12-17,19,61.3,98
10,2025-12-17,8,114.52,82
1,2025-12-18,24,30.87,251
2,2025-12-18,27,52.06,100
3,2025-12-18,49,10.08,381
4,2025-12-18,8,190.76,118
5,2025-12-18,46,14.64,289
6,2025-12-18,20,79.58,123
7,2025-12-18,16,41.2,244
8,2025-12-18,39,24.78,226
9,2025-12-18,23,60.83,120
10,2025-12-18,11,125.86,90
1,2025-12-19,28,28.84,216
2,2025-12-19,26,49.13,149
3,2025-12-19,50,9.57,379
4,2025-12-19,10,192.59,63
5,2025-12-19,41,15.25,359
6,2025-12-19,15,77.3,106
7,2025-12-19,30,40.16,177
8,2025-12-19,50,25.92,250
9,2025-12-19,20,61.66,119
10,2025-12-19,17,115.35,58
1,2025-12-20,36,30.83,252
2,2025-12-20,25,48.88,206
3,2025-12-20,50,9.88,354
4,2025-12-20,12,208.21,50
5,2025-12-20,50,15.73,324
6,2025-12-20,13,81.51,145
7,2025-12-20,34,39.4,194
8,2025-12-20,28,24.0,304
9,2025-12-20,19,58.13,106
10,2025-12-20,12,114.79,50
1,2025-12-21,31,31.23,263
2,2025-12-21,22,50.7,142
3,2025-12-21,50,9.49,373
4,2025-12-21,13,202.96,64
5,2025-12-21,50,15.53,274
6,2025-12-21,16,80.48,83
7,2025-12-21,30,41.97,203
8,2025-12-21,32,23.82,282
9,2025-12-21,17,61.92,164
10,2025-12-21,12,117.59,69
1,2025-12-22,33,29.63,257
2,2025-12-22,20,47.86,185
3,2025-12-22,50,9.79,409
4,2025-12-22,11,204.23,57
5,2025-12-22,50,15.52,296
6,2025-12-22,16,78.66,105
7,2025-12-22,28,41.19,226
8,2025-12-22,34,25.12,320
9,2025-12-22,21,60.28,83
10,2025-12-22,11,120.62,70
1,2025-12-23,37,28.61,152
2,2025-12-23,17,48.84,200
3,2025-12-23,50,10.08,420
4,2025-12-23,8,197.21,76
5,2025-12-23,42,15.08,323
6,2025-12-23,16,81.18,110
7,2025-12-23,31,38.06,175
8,2025-12-23,36,26.13,220
9,2025-12-23,9,57.02,135
10,2025-12-23,11,123.3,148
1,2025-12-24,29,29.12,208
2,2025-12-24,23,49.21,196
3,2025-12-24,34,9.78,348
4,2025-12-24,10,198.39,55
5,2025-12-24,23,14.85,343
6,2025-12-24,14,77.47,118
7,2025-12-24,32,38.52,248
8,2025-12-24,47,25.57,235
9,2025-12-24,19,62.75,144
10,2025-12-24,10,123.95,61
1,2025-12-25,33,28.92,215
2,2025-12-25,23,49.12,103
3,2025-12-25,43,9.93,344
4,2025-12-25,9,197.05,50
5,2025-12-25,49,14.97,222
6,2025-12-25,13,79.46,124
7,2025-12-25,28,40.98,135
8,2025-12-25,38,24.46,292
9,2025-12-25,20,59.83,166
10,2025-12-25,14,117.63,107
1,2025-12-26,34,31.01,242
2,2025-12-26,21,49.68,209
3,2025-12-26,50,9.87,259
4,2025-12-26,7,192.88,63
5,2025-12-26,40,14.39,298
6,2025-12-26,12,79.22,116
7,2025-12-26,29,41.58,202
8,2025-12-26,38,26.07,310
9,2025-12-26,12,62.52,104
10,2025-12-26,12,125.49,92
1,2025-12-27,29,30.19,214
2,2025-12-27,23,49.02,158
3,2025-12-27,50,10.08,392
4,2025-12-27,8,201.29,50
5,2025-12-27,36,15.57,355
6,2025-12-27,16,82.06,81
7,2025-12-27,22,40.24,191
8,2025-12-27,47,24.32,257
9,2025-12-27,19,62.97,177
10,2025-12-27,10,119.29,50
1,2025-12-28,31,28.78,213
2,2025-12-28,25,52.45,132
3,2025-12-28,50,9.58,267
4,2025-12-28,9,195.0,61
5,2025-12-28,43,14.6,239
6,2025-12-28,14,82.05,117
7,2025-12-28,32,41.96,154
8,2025-12-28,40,25.0,273
9,2025-12-28,18,61.17,116
10,2025-12-28,12,115.96,50
1,2025-12-29,38,30.49,231
2,2025-12-29,24,47.72,152
3,2025-12-29,50,9.79,376
4,2025-12-29,8,190.62,82
5,2025-12-29,43,15.37,256
6,2025-12-29,16,81.49,66
7,2025-12-29,30,38.68,242
8,2025-12-29,43,24.79,344
9,2025-12-29,19,59.48,143
10,2025-12-29,12,122.55,65
1,2025-12-30,36,31.19,183
2,2025-12-30,27,49.14,146
3,2025-12-30,50,10.15,343
4,2025-12-30,9,206.72,77
5,2025-12-30,40,15.63,324
6,2025-12-30,16,78.35,78
7,2025-12-30,26,40.32,181
8,2025-12-30,39,25.58,266
9,2025-12-30,21,59.36,92
10,2025-12-30,11,114.62,50
1,2025-12-31,38,29.21,209
2,2025-12-31,26,47.86,122
3,2025-12-31,50,9.58,392
4,2025-12-31,7,190.87,56
5,2025-12-31,47,15.42,270
6,2025-12-31,16,79.53,116
7,2025-12-31,27,41.03,186
8,2025-12-31,30,24.58,213
9,2025-12-31,20,60.98,150
10,2025-12-31,13,117.86,74

